district_id,state,district,area_km2,point_lat,point_lon
maharashtra__ahmadnagar,Maharashtra,Ahmadnagar,17054.0,19.1569,74.8552
maharashtra__akola,Maharashtra,Akola,5406.8,20.7618,77.1912
kerala__alappuzha,Kerala,Alappuzha,1420.9,9.4907,76.4146
maharashtra__amravati,Maharashtra,Amravati,12207.6,21.1542,77.6431
maharashtra__aurangabad,Maharashtra,Aurangabad,10115.8,20.0222,75.1571
karnataka__bagalkot,Karnataka,Bagalkot,6570.5,16.2897,75.5805
assam__baksa,Assam,Baksa,2370.9,26.6477,91.4565
karnataka__bangalore_rural,Karnataka,Bangalore Rural,2306.0,13.1809,77.3396
karnataka__bangalore,Karnataka,Bangalore,2182.7,12.9436,77.5531
assam__barpeta,Assam,Barpeta,2310.6,26.3759,91.0561
karnataka__belgaum,Karnataka,Belgaum,13396.5,16.1531,74.8867
karnataka__bellary,Karnataka,Bellary,8443.7,15.1969,76.7099
maharashtra__bhandara,Maharashtra,Bhandara,3858.9,21.1199,79.7958
maharashtra__bid,Maharashtra,Bid,11045.3,18.9465,75.6711
karnataka__bidar,Karnataka,Bidar,5446.4,18.0191,77.2561
karnataka__bijapur,Karnataka,Bijapur,10508.4,16.8157,75.8823
assam__bongaigaon,Assam,Bongaigaon,1052.4,26.3579,90.6353
maharashtra__buldana,Maharashtra,Buldana,9751.0,20.5609,76.4101
assam__cachar,Assam,Cachar,3784.3,24.7555,92.8822
karnataka__chamrajnagar,Karnataka,Chamrajnagar,5667.9,11.9471,77.1008
maharashtra__chandrapur,Maharashtra,Chandrapur,11303.6,20.0984,79.5051
karnataka__chikkaballapura,Karnataka,Chikkaballapura,4218.5,13.5881,77.7827
karnataka__chikmagalur,Karnataka,Chikmagalur,7213.4,13.4056,75.64
assam__chirang,Assam,Chirang,1730.7,26.6481,90.6424
karnataka__chitradurga,Karnataka,Chitradurga,8449.4,14.3043,76.5328
karnataka__dakshina_kannada,Karnataka,Dakshina Kannada,4589.8,12.8223,75.2256
assam__darrang,Assam,Darrang,1612.1,26.4383,92.0081
karnataka__davanagere,Karnataka,Davanagere,5946.6,14.368,75.8879
karnataka__dharwad,Karnataka,Dharwad,4275.5,15.3693,75.1354
assam__dhemaji,Assam,Dhemaji,2606.4,27.541,94.5549
assam__dhubri,Assam,Dhubri,2297.2,25.9294,89.9894
maharashtra__dhule,Maharashtra,Dhule,7185.1,21.1315,74.4787
assam__dibrugarh,Assam,Dibrugarh,3395.6,27.4027,94.9976
kerala__ernakulam,Kerala,Ernakulam,2410.7,10.0447,76.4976
karnataka__gadag,Karnataka,Gadag,4644.3,15.4161,75.6821
maharashtra__garhchiroli,Maharashtra,Garhchiroli,14447.8,19.7533,80.1698
assam__goalpara,Assam,Goalpara,2011.1,26.0628,90.5799
assam__golaghat,Assam,Golaghat,3365.5,26.3246,94.0059
maharashtra__gondiya,Maharashtra,Gondiya,5471.8,21.1428,80.2691
karnataka__gulbarga,Karnataka,Gulbarga,10966.2,17.2382,76.7697
assam__hailakandi,Assam,Hailakandi,1332.0,24.5064,92.6317
karnataka__hassan,Karnataka,Hassan,6812.6,13.0293,76.1735
karnataka__haveri,Karnataka,Haveri,4810.1,14.7166,75.3892
maharashtra__hingoli,Maharashtra,Hingoli,4690.3,19.5414,77.2187
kerala__idukki,Kerala,Idukki,5007.1,9.8126,77.0032
maharashtra__jalgaon,Maharashtra,Jalgaon,11771.4,20.8418,75.5287
maharashtra__jalna,Maharashtra,Jalna,7770.2,19.9578,75.827
assam__jorhat,Assam,Jorhat,2998.0,26.7641,94.2631
assam__kamrup,Assam,Kamrup,2906.4,26.1456,91.2257
assam__kamrup_metropolitan,Assam,Kamrup Metropolitan,1207.6,26.0537,92.0076
kerala__kannur,Kerala,Kannur,2948.1,11.987,75.5628
assam__karbi_anglong,Assam,Karbi Anglong,10421.2,25.8519,92.593
assam__karimganj,Assam,Karimganj,1868.8,24.5848,92.3711
kerala__kasaragod,Kerala,Kasaragod,1964.5,12.4274,75.1923
karnataka__kodagu,Karnataka,Kodagu,4111.4,12.3827,75.6619
assam__kokrajhar,Assam,Kokrajhar,3175.4,26.5146,90.1301
karnataka__kolar,Karnataka,Kolar,3985.8,13.1805,78.2686
maharashtra__kolhapur,Maharashtra,Kolhapur,7670.3,16.4591,74.0957
kerala__kollam,Kerala,Kollam,2487.2,8.968,76.8585
karnataka__koppal,Karnataka,Koppal,5568.9,15.5761,76.3122
kerala__kottayam,Kerala,Kottayam,2210.7,9.6296,76.6486
kerala__kozhikode,Kerala,Kozhikode,2331.5,11.4635,75.8804
assam__lakhimpur,Assam,Lakhimpur,2884.5,27.1722,94.1998
maharashtra__latur,Maharashtra,Latur,6751.0,18.3523,76.7565
kerala__malappuram,Kerala,Malappuram,3564.7,11.1053,76.1148
karnataka__mandya,Karnataka,Mandya,4947.1,12.6355,76.7299
assam__marigaon,Assam,Marigaon,1545.9,26.2868,92.2915
maharashtra__mumbai,Maharashtra,Mumbai,149.3,18.95,72.8651
maharashtra__mumbai_suburban,Maharashtra,Mumbai Suburban,452.6,19.124,72.9004
karnataka__mysore,Karnataka,Mysore,6307.6,12.1965,76.6121
assam__nagaon,Assam,Nagaon,3994.3,26.2046,92.6115
maharashtra__nagpur,Maharashtra,Nagpur,9924.1,21.1493,79.0181
assam__nalbari,Assam,Nalbari,1031.7,26.3593,91.4016
maharashtra__nanded,Maharashtra,Nanded,10595.9,19.0946,77.4842
maharashtra__nandurbar,Maharashtra,Nandurbar,5901.4,21.5113,74.5436
maharashtra__nashik,Maharashtra,Nashik,15557.7,20.2244,74.1085
assam__dima_hasao,Assam,Dima Hasao,4905.1,25.3934,93.0837
maharashtra__osmanabad,Maharashtra,Osmanabad,7565.0,18.1697,76.1192
kerala__palakkad,Kerala,Palakkad,4487.8,10.7882,76.4747
maharashtra__parbhani,Maharashtra,Parbhani,6337.9,19.3073,76.5533
kerala__pathanamthitta,Kerala,Pathanamthitta,2644.3,9.281,76.9752
maharashtra__pune,Maharashtra,Pune,15655.7,18.6425,73.9215
karnataka__raichur,Karnataka,Raichur,8450.0,16.0535,76.903
maharashtra__raigarh,Maharashtra,Raigarh,7156.3,18.4918,73.1406
karnataka__ramanagara,Karnataka,Ramanagara,3516.4,12.719,77.3194
maharashtra__ratnagiri,Maharashtra,Ratnagiri,8261.2,17.2794,73.4462
maharashtra__sangli,Maharashtra,Sangli,8562.9,17.171,74.5918
maharashtra__satara,Maharashtra,Satara,10506.8,17.6354,74.2988
karnataka__shimoga,Karnataka,Shimoga,8444.5,14.0546,75.2381
assam__sivasagar,Assam,Sivasagar,2634.8,26.9932,94.805
maharashtra__sindhudurg,Maharashtra,Sindhudurg,5071.7,16.1341,73.6624
maharashtra__solapur,Maharashtra,Solapur,14904.3,17.8327,75.2998
assam__sonitpur,Assam,Sonitpur,5198.4,26.7654,93.0014
maharashtra__thane,Maharashtra,Thane,9521.9,19.6061,73.1522
kerala__thiruvananthapuram,Kerala,Thiruvananthapuram,2179.3,8.5769,77.0527
kerala__thrissur,Kerala,Thrissur,3026.7,10.4784,76.2731
assam__tinsukia,Assam,Tinsukia,3794.7,27.5979,95.5703
karnataka__tumkur,Karnataka,Tumkur,10615.1,13.4178,76.876
assam__udalguri,Assam,Udalguri,2040.5,26.7091,92.0523
karnataka__udupi,Karnataka,Udupi,3866.6,13.4828,74.895
karnataka__uttara_kannada,Karnataka,Uttara Kannada,10191.1,14.7248,74.6437
maharashtra__wardha,Maharashtra,Wardha,6309.4,20.8248,78.6157
maharashtra__washim,Maharashtra,Washim,5196.1,20.3028,77.2439
kerala__wayanad,Kerala,Wayanad,2129.8,11.713,76.1266
karnataka__yadgir,Karnataka,Yadgir,5283.8,16.5736,76.9259
maharashtra__yavatmal,Maharashtra,Yavatmal,13530.7,20.0627,78.3557
