district_id,state,district,elev_mean_m,elev_min_m,elev_max_m,elev_std_m,n_samples,relief_m,elev_rep_point_m
maharashtra__ahmadnagar,Maharashtra,Ahmadnagar,603.0,459.0,808.0,100.1,22,349.0,877.0
maharashtra__akola,Maharashtra,Akola,303.5,271.0,352.0,30.5,6,81.0,279.0
kerala__alappuzha,Kerala,Alappuzha,1.5,0.0,3.0,2.1,2,3.0,-1.0
maharashtra__amravati,Maharashtra,Amravati,400.4,271.0,734.0,133.1,16,463.0,353.0
maharashtra__aurangabad,Maharashtra,Aurangabad,564.9,326.0,764.0,126.3,15,438.0,590.0
karnataka__bagalkot,Karnataka,Bagalkot,571.1,523.0,663.0,46.9,9,140.0,552.0
assam__baksa,Assam,Baksa,84.8,64.0,119.0,24.3,4,55.0,77.0
karnataka__bangalore_rural,Karnataka,Bangalore Rural,906.7,886.0,929.0,21.5,3,43.0,898.0
karnataka__bangalore,Karnataka,Bangalore,846.5,716.0,913.0,88.7,4,197.0,891.0
assam__barpeta,Assam,Barpeta,42.5,38.0,46.0,3.7,4,8.0,40.0
karnataka__belgaum,Karnataka,Belgaum,644.6,539.0,798.0,73.2,17,259.0,556.0
karnataka__bellary,Karnataka,Bellary,541.0,361.0,635.0,92.7,11,274.0,498.0
maharashtra__bhandara,Maharashtra,Bhandara,291.6,230.0,361.0,57.4,5,131.0,311.0
maharashtra__bid,Maharashtra,Bid,596.6,423.0,748.0,113.5,16,325.0,574.0
karnataka__bidar,Karnataka,Bidar,584.2,500.0,643.0,44.7,9,143.0,590.0
karnataka__bijapur,Karnataka,Bijapur,534.3,452.0,622.0,49.8,14,170.0,580.0
assam__bongaigaon,Assam,Bongaigaon,30.0,30.0,30.0,,1,0.0,43.0
maharashtra__buldana,Maharashtra,Buldana,449.6,257.0,676.0,152.5,16,419.0,514.0
assam__cachar,Assam,Cachar,206.2,17.0,513.0,218.0,6,496.0,23.0
karnataka__chamrajnagar,Karnataka,Chamrajnagar,707.2,445.0,921.0,170.4,6,476.0,698.0
maharashtra__chandrapur,Maharashtra,Chandrapur,211.3,160.0,265.0,30.0,14,105.0,243.0
karnataka__chikkaballapura,Karnataka,Chikkaballapura,812.6,744.0,949.0,88.4,5,205.0,860.0
karnataka__chikmagalur,Karnataka,Chikmagalur,872.7,641.0,1619.0,291.0,10,978.0,977.0
assam__chirang,Assam,Chirang,121.2,46.0,249.0,92.8,4,203.0,95.0
karnataka__chitradurga,Karnataka,Chitradurga,666.2,528.0,837.0,94.7,11,309.0,636.0
karnataka__dakshina_kannada,Karnataka,Dakshina Kannada,176.7,107.0,459.0,139.6,6,352.0,85.0
assam__darrang,Assam,Darrang,59.0,57.0,61.0,2.8,2,4.0,55.0
karnataka__davanagere,Karnataka,Davanagere,634.4,541.0,691.0,56.7,7,150.0,569.0
karnataka__dharwad,Karnataka,Dharwad,624.0,573.0,690.0,49.8,4,117.0,658.0
assam__dhemaji,Assam,Dhemaji,109.2,101.0,116.0,6.4,4,15.0,105.0
assam__dhubri,Assam,Dhubri,30.7,24.0,35.0,5.9,3,11.0,23.0
maharashtra__dhule,Maharashtra,Dhule,327.3,162.0,632.0,152.5,9,470.0,341.0
assam__dibrugarh,Assam,Dibrugarh,108.5,100.0,118.0,7.5,4,18.0,104.0
kerala__ernakulam,Kerala,Ernakulam,33.8,3.0,53.0,22.6,4,50.0,30.0
karnataka__gadag,Karnataka,Gadag,614.6,540.0,697.0,54.0,8,157.0,657.0
maharashtra__garhchiroli,Maharashtra,Garhchiroli,252.9,81.0,370.0,88.9,21,289.0,245.0
assam__goalpara,Assam,Goalpara,46.7,35.0,61.0,13.2,3,26.0,99.0
assam__golaghat,Assam,Golaghat,85.2,67.0,110.0,18.1,5,43.0,105.0
maharashtra__gondiya,Maharashtra,Gondiya,323.2,241.0,433.0,63.4,9,192.0,318.0
karnataka__gulbarga,Karnataka,Gulbarga,467.5,396.0,603.0,59.0,15,207.0,433.0
assam__hailakandi,Assam,Hailakandi,47.5,26.0,69.0,30.4,2,43.0,54.0
karnataka__hassan,Karnataka,Hassan,887.5,789.0,954.0,50.8,10,165.0,977.0
karnataka__haveri,Karnataka,Haveri,578.0,542.0,595.0,21.6,5,53.0,599.0
maharashtra__hingoli,Maharashtra,Hingoli,470.2,419.0,495.0,28.6,6,76.0,507.0
kerala__idukki,Kerala,Idukki,915.7,160.0,1741.0,600.2,7,1581.0,725.0
maharashtra__jalgaon,Maharashtra,Jalgaon,253.0,191.0,335.0,41.6,15,144.0,233.0
maharashtra__jalna,Maharashtra,Jalna,510.3,449.0,658.0,73.6,9,209.0,610.0
assam__jorhat,Assam,Jorhat,99.0,85.0,120.0,18.5,3,35.0,100.0
assam__kamrup,Assam,Kamrup,277.0,43.0,802.0,359.0,4,759.0,38.0
assam__kamrup_metropolitan,Assam,Kamrup Metropolitan,48.0,48.0,48.0,,1,0.0,246.0
kerala__kannur,Kerala,Kannur,151.8,18.0,476.0,219.1,4,458.0,67.0
assam__karbi_anglong,Assam,Karbi Anglong,324.6,65.0,920.0,260.0,18,855.0,402.0
assam__karimganj,Assam,Karimganj,56.0,19.0,82.0,30.5,4,63.0,60.0
kerala__kasaragod,Kerala,Kasaragod,90.7,2.0,183.0,90.6,3,181.0,133.0
karnataka__kodagu,Karnataka,Kodagu,909.5,830.0,1056.0,100.6,4,226.0,913.0
assam__kokrajhar,Assam,Kokrajhar,88.8,52.0,195.0,70.8,4,143.0,54.0
karnataka__kolar,Karnataka,Kolar,809.8,740.0,869.0,51.7,6,129.0,794.0
maharashtra__kolhapur,Maharashtra,Kolhapur,650.3,545.0,785.0,88.9,9,240.0,602.0
kerala__kollam,Kerala,Kollam,63.0,57.0,69.0,8.5,2,12.0,117.0
karnataka__koppal,Karnataka,Koppal,531.1,386.0,629.0,86.4,8,243.0,555.0
kerala__kottayam,Kerala,Kottayam,119.0,22.0,277.0,138.0,3,255.0,55.0
kerala__kozhikode,Kerala,Kozhikode,105.3,18.0,154.0,75.8,3,136.0,78.0
assam__lakhimpur,Assam,Lakhimpur,98.0,82.0,115.0,12.4,6,33.0,87.0
maharashtra__latur,Maharashtra,Latur,585.9,483.0,639.0,55.6,8,156.0,633.0
kerala__malappuram,Kerala,Malappuram,209.2,17.0,887.0,336.6,6,870.0,55.0
karnataka__mandya,Karnataka,Mandya,740.4,638.0,849.0,82.0,8,211.0,790.0
assam__marigaon,Assam,Marigaon,208.0,57.0,359.0,213.5,2,302.0,55.0
maharashtra__mumbai,Maharashtra,Mumbai,0.0,0.0,0.0,,1,0.0,0.0
maharashtra__mumbai_suburban,Maharashtra,Mumbai Suburban,0.0,0.0,0.0,,1,0.0,34.0
karnataka__mysore,Karnataka,Mysore,761.6,685.0,869.0,62.0,8,184.0,719.0
assam__nagaon,Assam,Nagaon,67.2,57.0,85.0,10.9,6,28.0,57.0
maharashtra__nagpur,Maharashtra,Nagpur,327.6,233.0,490.0,75.6,15,257.0,350.0
assam__nalbari,Assam,Nalbari,50.0,44.0,56.0,8.5,2,12.0,45.0
maharashtra__nanded,Maharashtra,Nanded,394.1,335.0,489.0,48.1,15,154.0,389.0
maharashtra__nandurbar,Maharashtra,Nandurbar,377.6,150.0,648.0,192.2,7,498.0,158.0
maharashtra__nashik,Maharashtra,Nashik,586.4,282.0,862.0,142.6,22,580.0,638.0
assam__dima_hasao,Assam,Dima Hasao,351.7,123.0,641.0,202.3,6,518.0,380.0
maharashtra__osmanabad,Maharashtra,Osmanabad,620.7,502.0,736.0,74.9,11,234.0,652.0
kerala__palakkad,Kerala,Palakkad,216.5,38.0,687.0,247.5,6,649.0,82.0
maharashtra__parbhani,Maharashtra,Parbhani,414.1,377.0,530.0,43.1,10,153.0,426.0
kerala__pathanamthitta,Kerala,Pathanamthitta,471.3,15.0,1097.0,560.5,3,1082.0,538.0
maharashtra__pune,Maharashtra,Pune,617.6,478.0,810.0,80.5,19,332.0,589.0
karnataka__raichur,Karnataka,Raichur,418.3,340.0,537.0,68.6,12,197.0,400.0
maharashtra__raigarh,Maharashtra,Raigarh,155.6,0.0,669.0,204.7,10,669.0,388.0
karnataka__ramanagara,Karnataka,Ramanagara,745.8,642.0,842.0,82.1,4,200.0,723.0
maharashtra__ratnagiri,Maharashtra,Ratnagiri,190.7,36.0,386.0,94.2,11,350.0,222.0
maharashtra__sangli,Maharashtra,Sangli,665.6,549.0,970.0,124.0,11,421.0,645.0
maharashtra__satara,Maharashtra,Satara,695.8,549.0,867.0,90.9,16,318.0,840.0
karnataka__shimoga,Karnataka,Shimoga,585.3,54.0,679.0,170.2,12,625.0,628.0
assam__sivasagar,Assam,Sivasagar,100.3,89.0,119.0,16.3,3,30.0,97.0
maharashtra__sindhudurg,Maharashtra,Sindhudurg,136.9,42.0,433.0,125.5,9,391.0,159.0
maharashtra__solapur,Maharashtra,Solapur,501.3,438.0,570.0,40.3,23,132.0,481.0
assam__sonitpur,Assam,Sonitpur,86.4,72.0,116.0,17.6,5,44.0,78.0
maharashtra__thane,Maharashtra,Thane,143.7,0.0,512.0,171.2,15,512.0,69.0
kerala__thiruvananthapuram,Kerala,Thiruvananthapuram,41.0,22.0,66.0,22.6,3,44.0,77.0
kerala__thrissur,Kerala,Thrissur,15.0,1.0,29.0,19.8,2,28.0,14.0
assam__tinsukia,Assam,Tinsukia,134.2,117.0,157.0,16.9,6,40.0,130.0
karnataka__tumkur,Karnataka,Tumkur,738.8,571.0,848.0,85.8,12,277.0,836.0
assam__udalguri,Assam,Udalguri,109.0,96.0,125.0,14.7,3,29.0,93.0
karnataka__udupi,Karnataka,Udupi,52.5,16.0,86.0,29.8,6,70.0,65.0
karnataka__uttara_kannada,Karnataka,Uttara Kannada,441.8,55.0,644.0,210.2,12,589.0,492.0
maharashtra__wardha,Maharashtra,Wardha,301.3,226.0,417.0,82.5,7,191.0,258.0
maharashtra__washim,Maharashtra,Washim,469.8,378.0,528.0,67.7,6,150.0,470.0
kerala__wayanad,Kerala,Wayanad,857.5,766.0,949.0,129.4,2,183.0,731.0
karnataka__yadgir,Karnataka,Yadgir,428.5,362.0,477.0,46.6,6,115.0,364.0
maharashtra__yavatmal,Maharashtra,Yavatmal,328.8,201.0,473.0,67.7,20,272.0,285.0
