feature,importance,std
humidity_pct,0.016807925668296243,0.0008516540722960843
rain_1d_mm,0.007194015073956204,0.00027474577697037396
rain_3d_mm,0.0063203066940780645,0.0012141193683365772
rain_max_cell_mm,0.003732005641368332,0.0002927334731215133
elev_mean_m,0.0034531710937480407,0.0002647293668980521
temp_c,0.003404874285737066,0.0011501184079319381
onsets_prev_3y,0.0031652038872303384,0.0005165498213590016
relief_m,0.002939584950505844,0.0004587176773817287
discharge_change_3d_pct,0.0027730778289686967,0.0009843515772274905
heavy_cell_frac,0.002208951673173388,1.975937943966756e-05
rain_30d_mm,0.0020726539655107983,0.0005610270569070437
month_sin,0.0014812679099275282,0.0004997759998338003
elev_std_m,0.0013903616643695174,0.0001719097070002142
pressure_change_3d_kpa,0.0012343896181645057,0.00041531433706907433
discharge_change_1d_pct,0.0008815308593417883,0.00033961876742089395
pressure_change_1d_kpa,0.0005359987400515761,0.0007717698695825842
rain_30d_anomaly_z,0.00027454704816685244,0.00018849731505580114
rain_7d_mm,3.970118385183269e-05,0.0008243006653392543
discharge_above_p95,-1.3633124080369985e-05,0.00017131487178438271
month_cos,-3.352877298025414e-05,0.000355969610865769
discharge_ratio_to_median,-0.00014120961156962689,0.00010101386260621912
rain_7d_anomaly_z,-0.0005319694404882039,0.002310449925751787
wind_ms,-0.0021289245397303944,0.00010538053645346356
