district_id,mean_m3s,median_m3s,p95_m3s,max_m3s,pct_null
assam__baksa,48.06621606205795,12.504999999999999,187.145,670.43,0.0
assam__barpeta,64.63180469997718,23.975,231.81,873.98,0.0
assam__bongaigaon,2.1653524982888435,1.05,7.215,30.19,0.0
assam__cachar,725.929915582934,516.61,1598.56,2963.83,0.0
assam__chirang,2.1805635409536848,0.56,8.31,29.9,0.0
assam__darrang,27.78109514031485,8.45,101.09,327.1,0.0
assam__dhemaji,6.131598220396988,3.745,19.23,48.43,0.0
assam__dhubri,87.66192676249143,44.71,293.44,1195.74,0.0
assam__dibrugarh,12.020770020533881,6.59,38.36,159.32,0.0
assam__dima_hasao,3.0252669404517456,0.67,11.59,112.5,0.0
assam__goalpara,29.676999771845768,17.32,97.86,437.53,0.0
assam__golaghat,0.7974104494638375,0.19,2.85,13.55,0.0
assam__hailakandi,8.963707506274242,6.82,18.77,39.83,0.0
assam__jorhat,1.3474686287930642,0.63,4.31,16.7,0.0
assam__kamrup,14475.653523842117,10542.86,37756.23,68232.89,0.0
assam__kamrup_metropolitan,1.7140862422997947,0.16,6.94,27.12,0.0
assam__karbi_anglong,6.364070271503537,3.03,19.94,72.62,0.0
assam__karimganj,19.851512662559887,15.54,40.3,66.61,0.0
assam__kokrajhar,4.122096737394479,0.59,16.369999999999997,67.08,0.0
assam__lakhimpur,1.8510335386721422,0.56,6.78,22.77,0.0
assam__marigaon,36.560264658909425,13.62,125.47,388.05,0.0
assam__nagaon,153.89482660278347,65.145,496.4525,2593.18,0.0
assam__nalbari,64.7149760438056,19.3,245.45999999999998,828.85,0.0
assam__sivasagar,1.0927538215833903,0.41,3.56,13.26,0.0
assam__sonitpur,6.632268993839836,1.28,27.4925,142.55,0.0
assam__tinsukia,8.89890714122747,4.965,27.97,75.21,0.0
assam__udalguri,1.2779089664613281,0.28,4.85,18.23,0.0
karnataka__bagalkot,0.10080652521104268,0.04,0.28,17.79,0.0
karnataka__bangalore,2.414140999315537,0.88,9.21,103.95,0.0
karnataka__bangalore_rural,0.07325119780971938,0.06,0.15,9.47,0.0
karnataka__belgaum,0.4829009810631987,0.06,1.0775000000000001,84.51,0.0
karnataka__bellary,0.04820442619210586,0.03,0.19,14.85,0.0
karnataka__bidar,0.1369929272187999,0.0,0.85,5.52,0.0
karnataka__bijapur,0.04192790326260552,0.0,0.11,20.13,0.0
karnataka__chamrajnagar,0.031195528177047682,0.0,0.11,5.64,0.0
karnataka__chikkaballapura,0.35237850787132097,0.05,1.7575,12.68,0.0
karnataka__chikmagalur,0.3546475017111568,0.03,2.08,14.17,0.0
karnataka__chitradurga,0.0453855806525211,0.02,0.05,20.23,0.0
karnataka__dakshina_kannada,89.59974446725987,27.64,332.2375,730.14,0.0
karnataka__davanagere,0.10613963039014374,0.03,0.56,11.97,0.0
karnataka__dharwad,0.18180127766370066,0.03,0.85,9.84,0.0
karnataka__gadag,0.05624229979466119,0.0,0.17,9.26,0.0
karnataka__gulbarga,0.12332078485055897,0.0,0.71,41.36,0.0
karnataka__hassan,0.5912616929044033,0.08,3.09,40.98,0.0
karnataka__haveri,0.5485854437599818,0.12,2.06,54.08,0.0
karnataka__kodagu,1.7171503536390602,0.59,6.28,19.99,0.0
karnataka__kolar,0.09451517225644536,0.01,0.34,11.47,0.0
karnataka__koppal,0.27849874515172257,0.02,0.25,156.04,0.0
karnataka__mandya,0.03511521788729181,0.0,0.1,7.32,0.0
karnataka__mysore,92.18532397900982,35.435,359.58,1308.18,0.0
karnataka__raichur,0.4274287018024184,0.06,1.53,110.43,0.0
karnataka__ramanagara,0.07024754734200318,0.03,0.25,7.79,0.0
karnataka__shimoga,0.29516313027606655,0.0,1.685,14.31,0.0
karnataka__tumkur,0.12059548254620121,0.02,0.4475,17.75,0.0
karnataka__udupi,27.084362308920834,7.220000000000001,105.17,254.27,0.0
karnataka__uttara_kannada,0.9142744695414099,0.06,5.4375,19.28,0.0
karnataka__yadgir,455.78218457677394,111.2,2653.61,14091.89,0.0
kerala__alappuzha,8.179000684462697,5.71,23.6,85.7,0.0
kerala__ernakulam,1.6201779603011635,1.0,4.77,11.13,0.0
kerala__idukki,2.615190508783938,1.75,7.36,24.0,0.0
kerala__kannur,62.48045174537988,25.79,220.82,484.29,0.0
kerala__kasaragod,23.655861282226788,9.51,83.14,254.86,0.0
kerala__kollam,2.312083048140543,1.68,6.2250000000000005,25.49,0.0
kerala__kottayam,3.7154494638375537,3.1,9.21,21.34,0.0
kerala__kozhikode,4.715124344056582,1.94,17.11,41.95,0.0
kerala__malappuram,6.190836185261236,3.795,19.28,54.21,0.0
kerala__palakkad,31.415102669404522,17.945,105.785,738.61,0.0
kerala__pathanamthitta,1.7930766598220398,1.62,4.295,12.0,0.0
kerala__thiruvananthapuram,1.3103821583390374,0.97,3.79,21.7,0.0
kerala__thrissur,1.4799612137805156,0.75,4.73,15.41,0.0
kerala__wayanad,1.403327629477527,0.41,6.01,30.26,0.0
maharashtra__ahmadnagar,0.05976043805612594,0.0,0.32,18.5,0.0
maharashtra__akola,0.26535706137348847,0.02,1.4,15.22,0.0
maharashtra__amravati,0.3139345197353411,0.03,1.64,25.92,0.0
maharashtra__aurangabad,0.28815879534565364,0.0,1.6775,20.78,0.0
maharashtra__bhandara,0.5699247091033539,0.02,3.53,21.54,0.0
maharashtra__bid,0.6299395391284508,0.02,3.9775,61.66,0.0
maharashtra__buldana,0.14313940223591148,0.0,0.77,9.52,0.0
maharashtra__chandrapur,0.44206707734428474,0.02,2.66,21.59,0.0
maharashtra__dhule,0.11017681953000227,0.0,0.31,29.55,0.0
maharashtra__garhchiroli,0.7022918092630619,0.03,3.935,44.08,0.0
maharashtra__gondiya,0.5435854437599817,0.03,3.22,19.65,0.0
maharashtra__hingoli,0.46698950490531593,0.01,2.73,50.17,0.0
maharashtra__jalgaon,0.11859114761578826,0.0,0.59,15.37,0.0
maharashtra__jalna,0.1377161761350673,0.02,0.8,9.96,0.0
maharashtra__kolhapur,17.138636778462242,0.97,105.5375,366.28,0.0
maharashtra__latur,1.0569769564225417,0.09,6.5975,42.15,0.0
maharashtra__mumbai,,,,,100.0
maharashtra__mumbai_suburban,0.7317738991558292,0.11,3.36,16.18,0.0
maharashtra__nagpur,2.155827059091946,0.75,8.56,63.57,0.0
maharashtra__nanded,0.15438626511521789,0.0,0.92,8.29,0.0
maharashtra__nandurbar,0.1375770020533881,0.0,0.7,38.17,0.0
maharashtra__nashik,0.2593885466575405,0.01,1.56,72.79,0.0
maharashtra__osmanabad,0.11895049053159937,0.0,0.78,2.51,0.0
maharashtra__parbhani,0.15651494410221306,0.0,0.95,11.56,0.0
maharashtra__pune,22.055035363906,1.85,114.8125,1732.8,0.0
maharashtra__raigarh,2.0096919917864478,0.29,9.42,32.88,0.0
maharashtra__ratnagiri,20.77404517453799,0.67,126.865,428.54,0.0
maharashtra__sangli,0.07588980150581794,0.0,0.33,13.76,0.0
maharashtra__satara,0.2205418663016199,0.03,0.9975,32.88,0.0
maharashtra__sindhudurg,8.13010495094684,0.31,49.9025,128.72,0.0
maharashtra__solapur,0.06253821583390372,0.0,0.1675,13.93,0.0
maharashtra__thane,0.9851437371663245,0.05,5.9,40.4,0.0
maharashtra__wardha,1.684323522701346,0.2,8.14,33.99,0.0
maharashtra__washim,1.567457221081451,0.03,9.065000000000001,140.58,0.0
maharashtra__yavatmal,0.3552589550536162,0.0,2.0575,34.4,0.0
