district_id,state,mean_m3s,river_tier
maharashtra__ahmadnagar,Maharashtra,0.0597604380561259,none
maharashtra__akola,Maharashtra,0.2653570613734884,none
kerala__alappuzha,Kerala,8.179000684462697,minor
maharashtra__amravati,Maharashtra,0.3139345197353411,none
maharashtra__aurangabad,Maharashtra,0.2881587953456536,none
karnataka__bagalkot,Karnataka,0.1008065252110426,none
assam__baksa,Assam,48.06621606205795,major
karnataka__bangalore_rural,Karnataka,0.0732511978097193,none
karnataka__bangalore,Karnataka,2.414140999315537,minor
assam__barpeta,Assam,64.63180469997718,major
karnataka__belgaum,Karnataka,0.4829009810631987,none
karnataka__bellary,Karnataka,0.0482044261921058,none
maharashtra__bhandara,Maharashtra,0.5699247091033539,none
maharashtra__bid,Maharashtra,0.6299395391284508,none
karnataka__bidar,Karnataka,0.1369929272187999,none
karnataka__bijapur,Karnataka,0.0419279032626055,none
assam__bongaigaon,Assam,2.1653524982888435,minor
maharashtra__buldana,Maharashtra,0.1431394022359114,none
assam__cachar,Assam,725.929915582934,major
karnataka__chamrajnagar,Karnataka,0.0311955281770476,none
maharashtra__chandrapur,Maharashtra,0.4420670773442847,none
karnataka__chikkaballapura,Karnataka,0.3523785078713209,none
karnataka__chikmagalur,Karnataka,0.3546475017111568,none
assam__chirang,Assam,2.1805635409536848,minor
karnataka__chitradurga,Karnataka,0.0453855806525211,none
karnataka__dakshina_kannada,Karnataka,89.59974446725987,major
assam__darrang,Assam,27.78109514031485,major
karnataka__davanagere,Karnataka,0.1061396303901437,none
karnataka__dharwad,Karnataka,0.1818012776637006,none
assam__dhemaji,Assam,6.131598220396988,minor
assam__dhubri,Assam,87.66192676249143,major
maharashtra__dhule,Maharashtra,0.1101768195300022,none
assam__dibrugarh,Assam,12.02077002053388,major
kerala__ernakulam,Kerala,1.6201779603011637,minor
karnataka__gadag,Karnataka,0.0562422997946611,none
maharashtra__garhchiroli,Maharashtra,0.7022918092630619,none
assam__goalpara,Assam,29.676999771845768,major
assam__golaghat,Assam,0.7974104494638375,none
maharashtra__gondiya,Maharashtra,0.5435854437599817,none
karnataka__gulbarga,Karnataka,0.1233207848505589,none
assam__hailakandi,Assam,8.963707506274242,minor
karnataka__hassan,Karnataka,0.5912616929044033,none
karnataka__haveri,Karnataka,0.5485854437599818,none
maharashtra__hingoli,Maharashtra,0.4669895049053159,none
kerala__idukki,Kerala,2.615190508783938,minor
maharashtra__jalgaon,Maharashtra,0.1185911476157882,none
maharashtra__jalna,Maharashtra,0.1377161761350673,none
assam__jorhat,Assam,1.3474686287930642,minor
assam__kamrup,Assam,14475.653523842117,major
assam__kamrup_metropolitan,Assam,1.714086242299795,minor
kerala__kannur,Kerala,62.48045174537988,major
assam__karbi_anglong,Assam,6.364070271503537,minor
assam__karimganj,Assam,19.851512662559887,major
kerala__kasaragod,Kerala,23.655861282226788,major
karnataka__kodagu,Karnataka,1.7171503536390602,minor
assam__kokrajhar,Assam,4.122096737394479,minor
karnataka__kolar,Karnataka,0.0945151722564453,none
maharashtra__kolhapur,Maharashtra,17.138636778462242,major
kerala__kollam,Kerala,2.312083048140543,minor
karnataka__koppal,Karnataka,0.2784987451517225,none
kerala__kottayam,Kerala,3.7154494638375537,minor
kerala__kozhikode,Kerala,4.715124344056582,minor
assam__lakhimpur,Assam,1.8510335386721424,minor
maharashtra__latur,Maharashtra,1.0569769564225415,minor
kerala__malappuram,Kerala,6.190836185261236,minor
karnataka__mandya,Karnataka,0.0351152178872918,none
assam__marigaon,Assam,36.56026465890943,major
maharashtra__mumbai,Maharashtra,,none
maharashtra__mumbai_suburban,Maharashtra,0.7317738991558292,none
karnataka__mysore,Karnataka,92.18532397900982,major
assam__nagaon,Assam,153.89482660278347,major
maharashtra__nagpur,Maharashtra,2.155827059091946,minor
assam__nalbari,Assam,64.7149760438056,major
maharashtra__nanded,Maharashtra,0.1543862651152178,none
maharashtra__nandurbar,Maharashtra,0.1375770020533881,none
maharashtra__nashik,Maharashtra,0.2593885466575405,none
assam__dima_hasao,Assam,3.0252669404517456,minor
maharashtra__osmanabad,Maharashtra,0.1189504905315993,none
kerala__palakkad,Kerala,31.41510266940452,major
maharashtra__parbhani,Maharashtra,0.156514944102213,none
kerala__pathanamthitta,Kerala,1.7930766598220398,minor
maharashtra__pune,Maharashtra,22.055035363906,major
karnataka__raichur,Karnataka,0.4274287018024184,none
maharashtra__raigarh,Maharashtra,2.009691991786448,minor
karnataka__ramanagara,Karnataka,0.0702475473420031,none
maharashtra__ratnagiri,Maharashtra,20.77404517453799,major
maharashtra__sangli,Maharashtra,0.0758898015058179,none
maharashtra__satara,Maharashtra,0.2205418663016199,none
karnataka__shimoga,Karnataka,0.2951631302760665,none
assam__sivasagar,Assam,1.0927538215833903,minor
maharashtra__sindhudurg,Maharashtra,8.13010495094684,minor
maharashtra__solapur,Maharashtra,0.0625382158339037,none
assam__sonitpur,Assam,6.632268993839836,minor
maharashtra__thane,Maharashtra,0.9851437371663244,none
kerala__thiruvananthapuram,Kerala,1.3103821583390374,minor
kerala__thrissur,Kerala,1.4799612137805156,minor
assam__tinsukia,Assam,8.89890714122747,minor
karnataka__tumkur,Karnataka,0.1205954825462012,none
assam__udalguri,Assam,1.277908966461328,minor
karnataka__udupi,Karnataka,27.084362308920834,major
karnataka__uttara_kannada,Karnataka,0.91427446954141,none
maharashtra__wardha,Maharashtra,1.684323522701346,minor
maharashtra__washim,Maharashtra,1.567457221081451,minor
kerala__wayanad,Kerala,1.403327629477527,minor
karnataka__yadgir,Karnataka,455.78218457677394,major
maharashtra__yavatmal,Maharashtra,0.3552589550536162,none
