district_id,state,year,onsets,ambiguous_days
assam__golaghat,Assam,2021,10,0
assam__karbi_anglong,Assam,2021,1,0
assam__lakhimpur,Assam,2021,9,0
assam__nalbari,Assam,2021,6,0
karnataka__shimoga,Karnataka,2021,1,0
maharashtra__nagpur,Maharashtra,2021,13,43
maharashtra__wardha,Maharashtra,2021,2,0
maharashtra__yavatmal,Maharashtra,2021,4,0
assam__hailakandi,Assam,2021,0,0
karnataka__ramanagara,Karnataka,2021,0,0
karnataka__udupi,Karnataka,2021,0,0
maharashtra__nanded,Maharashtra,2021,8,0
karnataka__bellary,Karnataka,2010,2,0
karnataka__kolar,Karnataka,2010,0,0
karnataka__shimoga,Karnataka,2010,1,0
kerala__kasaragod,Kerala,2010,2,0
maharashtra__gondiya,Maharashtra,2010,1,0
maharashtra__kolhapur,Maharashtra,2010,1,0
maharashtra__nashik,Maharashtra,2010,1,0
maharashtra__washim,Maharashtra,2010,2,0
maharashtra__yavatmal,Maharashtra,2010,3,0
karnataka__bangalore,Karnataka,2010,0,0
karnataka__bidar,Karnataka,2010,1,0
kerala__ernakulam,Kerala,2010,2,0
kerala__kollam,Kerala,2010,1,0
maharashtra__hingoli,Maharashtra,2010,0,0
maharashtra__mumbai_suburban,Maharashtra,2010,0,0
karnataka__gulbarga,Karnataka,2010,1,0
maharashtra__bhandara,Maharashtra,2010,1,0
maharashtra__parbhani,Maharashtra,2010,2,0
maharashtra__akola,Maharashtra,2010,2,0
assam__dhubri,Assam,2012,2,0
assam__karimganj,Assam,2012,2,0
assam__udalguri,Assam,2012,2,0
kerala__thiruvananthapuram,Kerala,2012,4,0
maharashtra__nandurbar,Maharashtra,2012,0,0
kerala__kottayam,Kerala,2012,2,0
maharashtra__bid,Maharashtra,2012,0,0
maharashtra__sindhudurg,Maharashtra,2012,0,0
kerala__pathanamthitta,Kerala,2012,2,0
maharashtra__buldana,Maharashtra,2012,0,0
maharashtra__akola,Maharashtra,2012,1,0
assam__chirang,Assam,2020,0,269
kerala__kollam,Kerala,2020,2,0
maharashtra__sindhudurg,Maharashtra,2020,3,122
assam__marigaon,Assam,2020,0,300
assam__baksa,Assam,2020,0,238
karnataka__bellary,Karnataka,2020,0,302
karnataka__raichur,Karnataka,2020,0,302
maharashtra__wardha,Maharashtra,2020,0,0
assam__dhemaji,Assam,2020,1,293
kerala__kannur,Kerala,2020,2,0
kerala__pathanamthitta,Kerala,2020,3,0
karnataka__kolar,Karnataka,2005,1,0
maharashtra__yavatmal,Maharashtra,2005,4,0
maharashtra__raigarh,Maharashtra,2005,2,0
maharashtra__akola,Maharashtra,2005,3,0
maharashtra__nagpur,Maharashtra,2008,0,0
maharashtra__satara,Maharashtra,2008,3,0
maharashtra__wardha,Maharashtra,2008,2,0
assam__barpeta,Assam,2008,1,0
maharashtra__akola,Maharashtra,2008,0,0
assam__baksa,Assam,2022,37,0
kerala__thiruvananthapuram,Kerala,2022,4,0
maharashtra__raigarh,Maharashtra,2022,4,0
assam__dhubri,Assam,2004,0,67
karnataka__hassan,Karnataka,2004,1,0
karnataka__kolar,Karnataka,2004,0,0
kerala__thiruvananthapuram,Kerala,2004,2,15
maharashtra__gondiya,Maharashtra,2004,0,0
assam__dhemaji,Assam,2004,1,67
kerala__kasaragod,Kerala,2003,3,0
kerala__thiruvananthapuram,Kerala,2003,2,0
maharashtra__gondiya,Maharashtra,2003,0,0
kerala__kannur,Kerala,2003,1,0
assam__baksa,Assam,2019,1,0
assam__lakhimpur,Assam,2019,1,221
assam__nalbari,Assam,2019,1,176
karnataka__davanagere,Karnataka,2019,1,0
karnataka__shimoga,Karnataka,2019,0,93
maharashtra__yavatmal,Maharashtra,2019,1,294
maharashtra__raigarh,Maharashtra,2019,0,0
assam__karimganj,Assam,2023,0,0
assam__udalguri,Assam,2023,2,0
karnataka__gulbarga,Karnataka,2023,1,0
assam__golaghat,Assam,2015,5,0
assam__karbi_anglong,Assam,2015,2,0
assam__karimganj,Assam,2015,2,0
assam__lakhimpur,Assam,2015,8,0
kerala__thiruvananthapuram,Kerala,2015,12,21
karnataka__bagalkot,Karnataka,2015,1,0
maharashtra__latur,Maharashtra,2015,1,0
assam__dhubri,Assam,2002,0,50
karnataka__bellary,Karnataka,2002,0,0
maharashtra__satara,Maharashtra,2002,1,0
assam__darrang,Assam,2017,4,0
assam__dima_hasao,Assam,2017,1,0
karnataka__haveri,Karnataka,2017,1,0
maharashtra__nagpur,Maharashtra,2017,1,31
maharashtra__washim,Maharashtra,2017,0,0
maharashtra__latur,Maharashtra,2017,0,0
assam__baksa,Assam,2009,0,0
assam__lakhimpur,Assam,2009,7,0
assam__sonitpur,Assam,2009,5,0
assam__tinsukia,Assam,2009,0,0
karnataka__shimoga,Karnataka,2009,2,0
maharashtra__ahmadnagar,Maharashtra,2009,1,0
maharashtra__kolhapur,Maharashtra,2009,1,0
assam__karbi_anglong,Assam,2000,0,0
assam__lakhimpur,Assam,2000,1,19
karnataka__bellary,Karnataka,2000,3,0
maharashtra__kolhapur,Maharashtra,2000,0,0
maharashtra__pune,Maharashtra,2000,2,0
assam__dhemaji,Assam,2000,4,40
kerala__kannur,Kerala,2000,2,0
maharashtra__chandrapur,Maharashtra,2000,1,0
maharashtra__latur,Maharashtra,2000,2,0
assam__bongaigaon,Assam,2001,0,24
assam__dhubri,Assam,2001,1,24
maharashtra__ahmadnagar,Maharashtra,2001,3,0
maharashtra__pune,Maharashtra,2001,5,0
maharashtra__wardha,Maharashtra,2001,0,0
maharashtra__akola,Maharashtra,2001,0,0
assam__darrang,Assam,2013,1,0
assam__dhubri,Assam,2013,1,0
assam__nalbari,Assam,2013,2,0
assam__sonitpur,Assam,2013,2,0
karnataka__haveri,Karnataka,2013,0,0
maharashtra__nandurbar,Maharashtra,2013,1,0
karnataka__gulbarga,Karnataka,2013,0,0
assam__sonitpur,Assam,2006,2,0
karnataka__hassan,Karnataka,2006,0,0
maharashtra__pune,Maharashtra,2006,6,0
maharashtra__satara,Maharashtra,2006,4,0
assam__dhemaji,Assam,2006,4,0
maharashtra__chandrapur,Maharashtra,2006,3,0
assam__golaghat,Assam,2016,4,0
kerala__thiruvananthapuram,Kerala,2016,3,0
maharashtra__nandurbar,Maharashtra,2016,2,0
maharashtra__raigarh,Maharashtra,2016,2,0
assam__goalpara,Assam,2007,0,17
assam__karbi_anglong,Assam,2007,0,17
maharashtra__kolhapur,Maharashtra,2007,0,0
maharashtra__wardha,Maharashtra,2007,1,0
assam__tinsukia,Assam,2018,0,236
karnataka__mysore,Karnataka,2018,0,227
kerala__thiruvananthapuram,Kerala,2018,4,229
maharashtra__nagpur,Maharashtra,2018,5,0
maharashtra__wardha,Maharashtra,2018,2,0
assam__karimganj,Assam,2014,0,0
karnataka__haveri,Karnataka,2014,2,0
karnataka__kolar,Karnataka,2014,1,0
kerala__malappuram,Kerala,2014,3,0
kerala__kannur,Kerala,2014,2,0
kerala__pathanamthitta,Kerala,2014,2,0
maharashtra__akola,Maharashtra,2014,0,0
maharashtra__latur,Maharashtra,2014,0,0
assam__karbi_anglong,Assam,2011,1,0
assam__karimganj,Assam,2011,0,0
karnataka__shimoga,Karnataka,2011,1,0
maharashtra__gondiya,Maharashtra,2011,0,0
maharashtra__kolhapur,Maharashtra,2011,1,0
assam__bongaigaon,Assam,2021,7,30
assam__darrang,Assam,2021,10,0
assam__dima_hasao,Assam,2021,0,0
assam__goalpara,Assam,2021,9,0
assam__tinsukia,Assam,2021,0,0
kerala__kasaragod,Kerala,2021,1,0
maharashtra__nandurbar,Maharashtra,2021,1,0
maharashtra__nashik,Maharashtra,2021,8,0
assam__dibrugarh,Assam,2021,7,30
assam__jorhat,Assam,2021,7,0
maharashtra__amravati,Maharashtra,2021,2,0
maharashtra__aurangabad,Maharashtra,2021,9,0
maharashtra__jalgaon,Maharashtra,2021,4,0
assam__golaghat,Assam,2010,3,0
maharashtra__nandurbar,Maharashtra,2010,2,0
assam__dibrugarh,Assam,2010,2,0
karnataka__chitradurga,Karnataka,2010,1,0
karnataka__gadag,Karnataka,2010,2,0
karnataka__ramanagara,Karnataka,2010,0,0
maharashtra__garhchiroli,Maharashtra,2010,3,0
karnataka__kodagu,Karnataka,2010,1,0
assam__nalbari,Assam,2012,3,0
assam__tinsukia,Assam,2012,2,0
karnataka__mysore,Karnataka,2012,0,0
karnataka__shimoga,Karnataka,2012,1,0
kerala__alappuzha,Kerala,2012,0,0
kerala__wayanad,Kerala,2012,4,0
maharashtra__jalna,Maharashtra,2012,0,0
assam__dhemaji,Assam,2012,6,0
assam__kamrup_metropolitan,Assam,2012,2,0
karnataka__bagalkot,Karnataka,2012,0,0
maharashtra__latur,Maharashtra,2012,0,0
assam__hailakandi,Assam,2020,0,0
karnataka__chikmagalur,Karnataka,2020,0,0
karnataka__chitradurga,Karnataka,2020,0,302
karnataka__gadag,Karnataka,2020,0,302
karnataka__tumkur,Karnataka,2020,0,302
kerala__kottayam,Kerala,2020,2,0
maharashtra__ratnagiri,Maharashtra,2020,2,122
maharashtra__buldana,Maharashtra,2020,6,123
assam__kamrup,Assam,2020,1,232
assam__bongaigaon,Assam,2020,0,239
assam__dhubri,Assam,2020,0,239
assam__karimganj,Assam,2020,0,0
kerala__kasaragod,Kerala,2020,1,0
maharashtra__kolhapur,Maharashtra,2020,3,183
maharashtra__washim,Maharashtra,2020,12,125
maharashtra__yavatmal,Maharashtra,2020,1,0
assam__kamrup_metropolitan,Assam,2020,0,238
karnataka__bagalkot,Karnataka,2020,0,301
maharashtra__raigarh,Maharashtra,2020,0,124
assam__dima_hasao,Assam,2005,0,0
assam__sonitpur,Assam,2005,2,21
maharashtra__gondiya,Maharashtra,2005,1,0
maharashtra__nandurbar,Maharashtra,2005,0,0
assam__barpeta,Assam,2005,5,21
assam__karbi_anglong,Assam,2008,0,0
assam__karimganj,Assam,2008,0,0
assam__tinsukia,Assam,2008,0,0
maharashtra__gondiya,Maharashtra,2008,1,0
maharashtra__kolhapur,Maharashtra,2008,1,0
maharashtra__pune,Maharashtra,2008,4,0
karnataka__raichur,Karnataka,2022,0,0
maharashtra__nandurbar,Maharashtra,2022,1,0
assam__bongaigaon,Assam,2004,1,67
assam__tinsukia,Assam,2004,0,67
maharashtra__nagpur,Maharashtra,2004,0,0
maharashtra__wardha,Maharashtra,2004,0,0
kerala__kannur,Kerala,2004,2,15
assam__bongaigaon,Assam,2003,0,44
assam__darrang,Assam,2003,1,44
assam__nalbari,Assam,2003,0,44
assam__sonitpur,Assam,2003,3,44
karnataka__raichur,Karnataka,2003,0,0
assam__barpeta,Assam,2003,0,44
karnataka__bagalkot,Karnataka,2003,0,0
maharashtra__raigarh,Maharashtra,2003,0,0
assam__dhubri,Assam,2019,1,0
karnataka__haveri,Karnataka,2019,1,0
kerala__kasaragod,Kerala,2019,5,0
maharashtra__ahmadnagar,Maharashtra,2019,0,0
maharashtra__nagpur,Maharashtra,2019,0,295
maharashtra__satara,Maharashtra,2019,0,32
assam__dhemaji,Assam,2019,1,223
kerala__pathanamthitta,Kerala,2019,3,0
assam__darrang,Assam,2023,16,0
assam__dima_hasao,Assam,2023,0,0
maharashtra__nandurbar,Maharashtra,2023,0,0
maharashtra__satara,Maharashtra,2023,2,0
maharashtra__wardha,Maharashtra,2023,2,0
assam__dhubri,Assam,2015,5,0
assam__dima_hasao,Assam,2015,2,0
assam__goalpara,Assam,2015,8,0
assam__tinsukia,Assam,2015,7,0
assam__udalguri,Assam,2015,2,0
kerala__malappuram,Kerala,2015,5,21
maharashtra__pune,Maharashtra,2015,2,0
assam__dhemaji,Assam,2015,9,0
karnataka__gulbarga,Karnataka,2015,1,0
kerala__pathanamthitta,Kerala,2015,7,21
assam__darrang,Assam,2002,0,50
assam__nalbari,Assam,2002,0,50
maharashtra__pune,Maharashtra,2002,5,0
maharashtra__washim,Maharashtra,2002,2,0
karnataka__bagalkot,Karnataka,2002,1,0
assam__baksa,Assam,2017,0,0
assam__udalguri,Assam,2017,0,124
karnataka__davanagere,Karnataka,2017,0,0
kerala__thiruvananthapuram,Kerala,2017,5,149
maharashtra__gondiya,Maharashtra,2017,1,0
maharashtra__nandurbar,Maharashtra,2017,0,0
karnataka__bagalkot,Karnataka,2017,3,56
maharashtra__raigarh,Maharashtra,2017,0,0
assam__bongaigaon,Assam,2009,2,0
karnataka__bellary,Karnataka,2009,2,0
karnataka__haveri,Karnataka,2009,2,0
kerala__malappuram,Kerala,2009,1,0
assam__barpeta,Assam,2009,3,0
karnataka__gulbarga,Karnataka,2009,4,0
maharashtra__chandrapur,Maharashtra,2009,0,0
assam__baksa,Assam,2000,0,0
assam__golaghat,Assam,2000,0,0
assam__karimganj,Assam,2000,5,40
assam__nalbari,Assam,2000,0,21
karnataka__kolar,Karnataka,2000,0,0
kerala__kasaragod,Kerala,2000,2,0
maharashtra__washim,Maharashtra,2000,1,0
assam__baksa,Assam,2001,0,0
karnataka__mysore,Karnataka,2001,2,0
karnataka__shimoga,Karnataka,2001,0,0
assam__barpeta,Assam,2001,0,24
karnataka__gulbarga,Karnataka,2001,0,0
kerala__kannur,Kerala,2001,0,0
kerala__pathanamthitta,Kerala,2001,0,0
assam__tinsukia,Assam,2013,4,0
kerala__kasaragod,Kerala,2013,2,0
maharashtra__gondiya,Maharashtra,2013,2,0
maharashtra__raigarh,Maharashtra,2013,1,0
assam__dhubri,Assam,2006,3,0
assam__dima_hasao,Assam,2006,0,0
assam__tinsukia,Assam,2006,1,0
assam__udalguri,Assam,2006,0,0
karnataka__davanagere,Karnataka,2006,0,0
karnataka__raichur,Karnataka,2006,0,0
kerala__thiruvananthapuram,Kerala,2006,8,0
maharashtra__nashik,Maharashtra,2006,4,0
maharashtra__washim,Maharashtra,2006,2,0
karnataka__bagalkot,Karnataka,2006,1,0
kerala__pathanamthitta,Kerala,2006,1,0
assam__udalguri,Assam,2016,1,0
karnataka__kolar,Karnataka,2016,0,0
karnataka__raichur,Karnataka,2016,3,0
maharashtra__kolhapur,Maharashtra,2016,1,0
maharashtra__nagpur,Maharashtra,2016,0,0
maharashtra__akola,Maharashtra,2016,2,0
assam__darrang,Assam,2007,1,17
assam__tinsukia,Assam,2007,0,17
karnataka__davanagere,Karnataka,2007,4,0
maharashtra__ahmadnagar,Maharashtra,2007,0,0
maharashtra__chandrapur,Maharashtra,2007,2,0
karnataka__bellary,Karnataka,2018,0,32
maharashtra__satara,Maharashtra,2018,0,0
maharashtra__yavatmal,Maharashtra,2018,4,0
maharashtra__latur,Maharashtra,2018,2,0
assam__golaghat,Assam,2014,0,17
assam__tinsukia,Assam,2014,0,0
karnataka__davanagere,Karnataka,2014,0,0
karnataka__raichur,Karnataka,2014,2,0
maharashtra__ahmadnagar,Maharashtra,2014,1,0
maharashtra__nagpur,Maharashtra,2014,1,0
maharashtra__yavatmal,Maharashtra,2014,0,0
karnataka__bellary,Karnataka,2011,0,0
maharashtra__wardha,Maharashtra,2011,0,0
maharashtra__yavatmal,Maharashtra,2011,0,0
karnataka__kolar,Karnataka,2021,0,0
maharashtra__washim,Maharashtra,2021,17,0
assam__sivasagar,Assam,2021,6,30
karnataka__bangalore_rural,Karnataka,2021,0,0
karnataka__bidar,Karnataka,2021,0,0
maharashtra__jalna,Maharashtra,2021,9,0
maharashtra__parbhani,Maharashtra,2021,8,0
assam__darrang,Assam,2010,1,0
karnataka__haveri,Karnataka,2010,0,0
kerala__thiruvananthapuram,Kerala,2010,10,0
karnataka__mandya,Karnataka,2010,0,0
maharashtra__aurangabad,Maharashtra,2010,2,0
maharashtra__jalgaon,Maharashtra,2010,1,0
maharashtra__ratnagiri,Maharashtra,2010,2,0
karnataka__bagalkot,Karnataka,2010,0,0
maharashtra__dhule,Maharashtra,2010,0,0
maharashtra__latur,Maharashtra,2010,1,0
assam__goalpara,Assam,2012,2,0
assam__golaghat,Assam,2012,2,0
assam__karbi_anglong,Assam,2012,2,0
karnataka__hassan,Karnataka,2012,0,0
kerala__malappuram,Kerala,2012,0,0
maharashtra__kolhapur,Maharashtra,2012,0,0
maharashtra__pune,Maharashtra,2012,0,0
maharashtra__satara,Maharashtra,2012,0,0
maharashtra__washim,Maharashtra,2012,0,0
maharashtra__aurangabad,Maharashtra,2012,0,0
maharashtra__mumbai_suburban,Maharashtra,2012,0,0
karnataka__gulbarga,Karnataka,2012,0,0
kerala__kannur,Kerala,2012,1,0
maharashtra__nanded,Maharashtra,2012,0,0
assam__dibrugarh,Assam,2020,1,262
assam__jorhat,Assam,2020,0,269
maharashtra__aurangabad,Maharashtra,2020,2,62
maharashtra__bid,Maharashtra,2020,5,59
assam__kokrajhar,Assam,2020,0,239
karnataka__uttara_kannada,Karnataka,2020,0,302
assam__darrang,Assam,2020,1,232
assam__goalpara,Assam,2020,1,293
assam__golaghat,Assam,2020,0,269
karnataka__kolar,Karnataka,2020,0,271
kerala__malappuram,Kerala,2020,1,30
maharashtra__nagpur,Maharashtra,2020,12,176
maharashtra__pune,Maharashtra,2020,7,179
assam__dhubri,Assam,2005,1,21
assam__tinsukia,Assam,2005,0,21
assam__udalguri,Assam,2005,0,0
karnataka__raichur,Karnataka,2005,1,0
maharashtra__ahmadnagar,Maharashtra,2005,0,0
kerala__pathanamthitta,Kerala,2005,0,0
maharashtra__chandrapur,Maharashtra,2005,4,0
karnataka__davanagere,Karnataka,2008,2,0
karnataka__kolar,Karnataka,2008,0,0
karnataka__mysore,Karnataka,2008,4,0
kerala__thiruvananthapuram,Kerala,2008,7,0
maharashtra__ahmadnagar,Maharashtra,2008,0,0
maharashtra__nashik,Maharashtra,2008,2,0
karnataka__bagalkot,Karnataka,2008,2,0
karnataka__gulbarga,Karnataka,2008,3,0
maharashtra__latur,Maharashtra,2008,1,0
assam__bongaigaon,Assam,2022,16,0
assam__karbi_anglong,Assam,2022,25,0
assam__nalbari,Assam,2022,30,0
assam__sonitpur,Assam,2022,34,0
karnataka__bellary,Karnataka,2022,0,0
maharashtra__kolhapur,Maharashtra,2022,1,0
maharashtra__yavatmal,Maharashtra,2022,5,0
karnataka__gulbarga,Karnataka,2022,2,0
assam__baksa,Assam,2004,0,67
assam__goalpara,Assam,2004,1,67
assam__golaghat,Assam,2004,0,67
assam__karbi_anglong,Assam,2004,0,67
assam__karimganj,Assam,2004,0,67
karnataka__bellary,Karnataka,2004,1,0
kerala__malappuram,Kerala,2004,1,15
maharashtra__yavatmal,Maharashtra,2004,0,0
karnataka__gulbarga,Karnataka,2004,0,0
maharashtra__raigarh,Maharashtra,2004,0,0
maharashtra__ahmadnagar,Maharashtra,2003,0,0
maharashtra__wardha,Maharashtra,2003,0,0
assam__golaghat,Assam,2019,1,0
karnataka__kolar,Karnataka,2019,0,0
kerala__malappuram,Kerala,2019,10,0
assam__lakhimpur,Assam,2023,13,0
maharashtra__ahmadnagar,Maharashtra,2023,2,0
maharashtra__kolhapur,Maharashtra,2023,2,0
kerala__kannur,Kerala,2023,1,0
kerala__pathanamthitta,Kerala,2023,1,0
maharashtra__akola,Maharashtra,2023,6,0
maharashtra__latur,Maharashtra,2023,2,0
assam__nalbari,Assam,2015,6,0
karnataka__bellary,Karnataka,2015,5,0
karnataka__raichur,Karnataka,2015,2,0
maharashtra__ahmadnagar,Maharashtra,2015,0,0
maharashtra__nagpur,Maharashtra,2015,2,0
maharashtra__nashik,Maharashtra,2015,0,0
kerala__kannur,Kerala,2015,8,0
assam__dima_hasao,Assam,2002,0,50
assam__karbi_anglong,Assam,2002,0,50
assam__lakhimpur,Assam,2002,1,50
karnataka__davanagere,Karnataka,2002,0,0
karnataka__haveri,Karnataka,2002,0,0
karnataka__kolar,Karnataka,2002,1,0
maharashtra__nagpur,Maharashtra,2002,3,0
maharashtra__latur,Maharashtra,2002,2,0
assam__lakhimpur,Assam,2017,6,285
assam__barpeta,Assam,2017,3,182
assam__darrang,Assam,2009,0,0
kerala__thiruvananthapuram,Kerala,2009,4,0
maharashtra__nagpur,Maharashtra,2009,2,0
assam__udalguri,Assam,2000,0,0
karnataka__hassan,Karnataka,2000,0,0
karnataka__raichur,Karnataka,2000,2,0
maharashtra__nagpur,Maharashtra,2000,2,0
maharashtra__nandurbar,Maharashtra,2000,1,0
assam__darrang,Assam,2001,0,24
assam__karbi_anglong,Assam,2001,0,0
assam__tinsukia,Assam,2001,0,0
maharashtra__kolhapur,Maharashtra,2001,0,0
assam__dhemaji,Assam,2001,3,24
assam__dima_hasao,Assam,2013,1,0
assam__goalpara,Assam,2013,2,0
assam__udalguri,Assam,2013,1,0
maharashtra__akola,Maharashtra,2013,1,0
assam__karbi_anglong,Assam,2006,1,0
karnataka__mysore,Karnataka,2006,1,0
karnataka__shimoga,Karnataka,2006,0,0
maharashtra__kolhapur,Maharashtra,2006,4,0
maharashtra__nandurbar,Maharashtra,2006,0,0
maharashtra__wardha,Maharashtra,2006,2,0
maharashtra__yavatmal,Maharashtra,2006,1,0
assam__dima_hasao,Assam,2016,0,0
assam__lakhimpur,Assam,2016,7,0
assam__nalbari,Assam,2016,2,0
assam__sonitpur,Assam,2016,5,0
kerala__malappuram,Kerala,2016,2,0
maharashtra__gondiya,Maharashtra,2016,1,0
maharashtra__nashik,Maharashtra,2016,2,0
assam__barpeta,Assam,2016,4,0
assam__kamrup_metropolitan,Assam,2016,5,0
maharashtra__latur,Maharashtra,2016,1,0
assam__dhubri,Assam,2007,1,17
assam__dima_hasao,Assam,2007,0,17
karnataka__raichur,Karnataka,2007,6,0
maharashtra__nandurbar,Maharashtra,2007,0,0
maharashtra__pune,Maharashtra,2007,0,0
karnataka__bagalkot,Karnataka,2007,2,0
assam__bongaigaon,Assam,2018,0,0
assam__dhubri,Assam,2018,0,0
assam__karbi_anglong,Assam,2018,0,265
assam__karimganj,Assam,2018,0,16
assam__udalguri,Assam,2018,0,266
karnataka__kolar,Karnataka,2018,0,0
kerala__kasaragod,Kerala,2018,0,235
kerala__malappuram,Kerala,2018,1,235
assam__dhemaji,Assam,2018,1,263
kerala__kannur,Kerala,2018,0,235
assam__karbi_anglong,Assam,2014,0,0
assam__lakhimpur,Assam,2014,3,17
karnataka__bellary,Karnataka,2014,3,0
karnataka__mysore,Karnataka,2014,0,0
kerala__thiruvananthapuram,Kerala,2014,8,0
maharashtra__pune,Maharashtra,2014,2,0
assam__baksa,Assam,2011,0,0
assam__dhubri,Assam,2011,1,0
assam__tinsukia,Assam,2011,0,0
karnataka__mysore,Karnataka,2011,0,0
assam__kamrup_metropolitan,Assam,2011,0,0
kerala__pathanamthitta,Kerala,2011,3,0
maharashtra__latur,Maharashtra,2011,0,0
assam__lakhimpur,Assam,2007,1,17
maharashtra__gondiya,Maharashtra,2021,2,0
maharashtra__kolhapur,Maharashtra,2021,6,0
maharashtra__satara,Maharashtra,2021,4,0
maharashtra__ratnagiri,Maharashtra,2021,8,0
maharashtra__sindhudurg,Maharashtra,2021,9,0
assam__kamrup_metropolitan,Assam,2021,9,0
maharashtra__chandrapur,Maharashtra,2021,2,0
maharashtra__bhandara,Maharashtra,2021,1,0
maharashtra__latur,Maharashtra,2021,7,0
assam__dhubri,Assam,2010,3,0
assam__karimganj,Assam,2010,1,0
karnataka__mysore,Karnataka,2010,0,0
kerala__malappuram,Kerala,2010,3,0
maharashtra__ahmadnagar,Maharashtra,2010,1,0
maharashtra__nagpur,Maharashtra,2010,1,0
karnataka__bangalore_rural,Karnataka,2010,3,0
karnataka__chikkaballapura,Karnataka,2010,0,0
kerala__wayanad,Kerala,2010,5,0
maharashtra__jalna,Maharashtra,2010,1,0
maharashtra__sindhudurg,Maharashtra,2010,1,0
karnataka__udupi,Karnataka,2010,2,0
maharashtra__buldana,Maharashtra,2010,3,0
assam__darrang,Assam,2012,2,0
karnataka__haveri,Karnataka,2012,0,0
maharashtra__gondiya,Maharashtra,2012,0,0
karnataka__bangalore,Karnataka,2012,0,0
kerala__ernakulam,Kerala,2012,2,0
kerala__kollam,Kerala,2012,3,0
maharashtra__ratnagiri,Maharashtra,2012,0,0
assam__barpeta,Assam,2012,3,0
maharashtra__chandrapur,Maharashtra,2012,0,0
assam__sivasagar,Assam,2020,0,269
karnataka__bijapur,Karnataka,2020,0,302
karnataka__dakshina_kannada,Karnataka,2020,0,302
karnataka__koppal,Karnataka,2020,0,302
kerala__idukki,Kerala,2020,1,0
kerala__kozhikode,Kerala,2020,2,0
maharashtra__mumbai_suburban,Maharashtra,2020,0,0
karnataka__yadgir,Karnataka,2020,0,301
karnataka__dharwad,Karnataka,2020,0,302
maharashtra__sangli,Maharashtra,2020,2,153
maharashtra__chandrapur,Maharashtra,2020,1,0
maharashtra__latur,Maharashtra,2020,3,0
assam__bongaigaon,Assam,2005,1,21
assam__karbi_anglong,Assam,2005,0,0
assam__karimganj,Assam,2005,0,21
karnataka__bellary,Karnataka,2005,0,0
karnataka__hassan,Karnataka,2005,2,0
kerala__thiruvananthapuram,Kerala,2005,13,0
maharashtra__wardha,Maharashtra,2005,4,0
assam__dhemaji,Assam,2005,2,21
assam__bongaigaon,Assam,2008,2,0
assam__nalbari,Assam,2008,2,0
assam__udalguri,Assam,2008,0,0
kerala__kasaragod,Kerala,2008,2,0
assam__darrang,Assam,2022,35,0
karnataka__mysore,Karnataka,2022,1,0
maharashtra__ahmadnagar,Maharashtra,2022,2,0
maharashtra__nashik,Maharashtra,2022,9,0
assam__dhemaji,Assam,2022,32,0
kerala__pathanamthitta,Kerala,2022,3,0
karnataka__davanagere,Karnataka,2004,0,0
karnataka__shimoga,Karnataka,2004,1,0
kerala__kasaragod,Kerala,2004,1,0
maharashtra__nandurbar,Maharashtra,2004,0,0
maharashtra__washim,Maharashtra,2004,0,0
karnataka__bagalkot,Karnataka,2004,0,0
maharashtra__akola,Maharashtra,2004,1,0
assam__golaghat,Assam,2003,0,44
assam__udalguri,Assam,2003,0,44
karnataka__bellary,Karnataka,2003,1,0
karnataka__kolar,Karnataka,2003,0,0
maharashtra__nashik,Maharashtra,2003,2,0
maharashtra__washim,Maharashtra,2003,0,0
assam__kamrup_metropolitan,Assam,2003,0,44
assam__sonitpur,Assam,2019,1,221
assam__udalguri,Assam,2019,1,0
maharashtra__washim,Maharashtra,2019,0,295
kerala__kannur,Kerala,2019,7,0
maharashtra__chandrapur,Maharashtra,2019,1,294
assam__goalpara,Assam,2023,7,0
assam__tinsukia,Assam,2023,0,0
karnataka__davanagere,Karnataka,2023,1,0
maharashtra__raigarh,Maharashtra,2023,1,0
karnataka__kolar,Karnataka,2015,0,0
karnataka__shimoga,Karnataka,2015,2,0
maharashtra__kolhapur,Maharashtra,2015,0,0
maharashtra__nandurbar,Maharashtra,2015,0,0
maharashtra__satara,Maharashtra,2015,0,0
maharashtra__yavatmal,Maharashtra,2015,0,0
maharashtra__chandrapur,Maharashtra,2015,1,0
assam__goalpara,Assam,2002,1,50
assam__sonitpur,Assam,2002,0,50
maharashtra__kolhapur,Maharashtra,2002,1,0
maharashtra__nandurbar,Maharashtra,2002,2,0
maharashtra__nashik,Maharashtra,2002,3,0
assam__barpeta,Assam,2002,1,50
kerala__kannur,Kerala,2002,2,0
assam__bongaigaon,Assam,2017,2,182
assam__karbi_anglong,Assam,2017,4,0
maharashtra__nashik,Maharashtra,2017,0,0
maharashtra__pune,Maharashtra,2017,2,0
kerala__pathanamthitta,Kerala,2017,1,0
assam__dima_hasao,Assam,2009,0,0
karnataka__mysore,Karnataka,2009,1,0
maharashtra__gondiya,Maharashtra,2009,0,0
assam__kamrup_metropolitan,Assam,2009,0,0
maharashtra__raigarh,Maharashtra,2009,1,0
maharashtra__akola,Maharashtra,2009,0,0
assam__bongaigaon,Assam,2000,2,19
assam__dima_hasao,Assam,2000,0,0
maharashtra__nashik,Maharashtra,2000,3,0
assam__kamrup_metropolitan,Assam,2000,0,0
assam__golaghat,Assam,2001,0,0
karnataka__bellary,Karnataka,2001,2,0
karnataka__hassan,Karnataka,2001,0,0
karnataka__haveri,Karnataka,2001,0,0
maharashtra__gondiya,Maharashtra,2001,0,0
maharashtra__nagpur,Maharashtra,2001,5,0
maharashtra__raigarh,Maharashtra,2001,2,0
maharashtra__latur,Maharashtra,2001,1,0
assam__baksa,Assam,2013,1,0
assam__bongaigaon,Assam,2013,3,0
assam__karbi_anglong,Assam,2013,1,0
karnataka__hassan,Karnataka,2013,0,0
karnataka__raichur,Karnataka,2013,0,0
maharashtra__washim,Maharashtra,2013,2,0
assam__barpeta,Assam,2013,1,0
assam__goalpara,Assam,2006,0,0
assam__golaghat,Assam,2006,0,0
assam__lakhimpur,Assam,2006,1,0
maharashtra__gondiya,Maharashtra,2006,0,0
maharashtra__nagpur,Maharashtra,2006,4,0
assam__kamrup_metropolitan,Assam,2006,0,0
maharashtra__latur,Maharashtra,2006,1,0
assam__dhubri,Assam,2016,5,0
assam__karimganj,Assam,2016,1,0
karnataka__shimoga,Karnataka,2016,0,0
karnataka__bagalkot,Karnataka,2016,2,0
karnataka__gulbarga,Karnataka,2016,4,0
karnataka__hassan,Karnataka,2007,6,0
karnataka__mysore,Karnataka,2007,4,0
karnataka__shimoga,Karnataka,2007,2,0
kerala__kasaragod,Kerala,2007,2,0
maharashtra__gondiya,Maharashtra,2007,2,0
maharashtra__nashik,Maharashtra,2007,2,0
maharashtra__akola,Maharashtra,2007,0,0
assam__darrang,Assam,2018,0,236
assam__lakhimpur,Assam,2018,1,263
assam__nalbari,Assam,2018,0,0
maharashtra__pune,Maharashtra,2018,4,32
assam__dima_hasao,Assam,2014,0,0
assam__goalpara,Assam,2014,1,17
assam__nalbari,Assam,2014,0,0
karnataka__shimoga,Karnataka,2014,1,0
maharashtra__gondiya,Maharashtra,2014,1,0
maharashtra__wardha,Maharashtra,2014,1,0
maharashtra__washim,Maharashtra,2014,2,0
assam__goalpara,Assam,2011,1,0
assam__nalbari,Assam,2011,0,0
karnataka__davanagere,Karnataka,2011,0,0
kerala__malappuram,Kerala,2011,5,0
kerala__thiruvananthapuram,Kerala,2011,8,0
maharashtra__akola,Maharashtra,2011,0,0
karnataka__bellary,Karnataka,2019,3,29
assam__dhubri,Assam,2021,8,0
assam__karimganj,Assam,2021,0,0
assam__udalguri,Assam,2021,0,0
karnataka__bellary,Karnataka,2021,0,0
karnataka__davanagere,Karnataka,2021,1,0
karnataka__hassan,Karnataka,2021,0,0
karnataka__haveri,Karnataka,2021,1,0
karnataka__mysore,Karnataka,2021,0,0
maharashtra__pune,Maharashtra,2021,8,0
assam__chirang,Assam,2021,10,0
karnataka__bangalore,Karnataka,2021,0,0
karnataka__chikkaballapura,Karnataka,2021,2,0
karnataka__chitradurga,Karnataka,2021,1,0
karnataka__dakshina_kannada,Karnataka,2021,1,0
karnataka__koppal,Karnataka,2021,0,0
kerala__ernakulam,Kerala,2021,5,0
kerala__idukki,Kerala,2021,5,0
karnataka__gulbarga,Karnataka,2021,0,0
maharashtra__raigarh,Maharashtra,2021,5,0
maharashtra__mumbai,Maharashtra,2021,1,0
assam__baksa,Assam,2010,0,0
assam__bongaigaon,Assam,2010,2,0
assam__lakhimpur,Assam,2010,10,0
karnataka__raichur,Karnataka,2010,1,0
maharashtra__satara,Maharashtra,2010,3,0
assam__nagaon,Assam,2010,2,0
karnataka__dakshina_kannada,Karnataka,2010,1,0
karnataka__koppal,Karnataka,2010,0,0
kerala__alappuzha,Kerala,2010,4,0
kerala__idukki,Kerala,2010,3,0
assam__kamrup_metropolitan,Assam,2010,0,0
maharashtra__raigarh,Maharashtra,2010,1,0
karnataka__yadgir,Karnataka,2010,0,0
maharashtra__mumbai,Maharashtra,2010,8,0
assam__bongaigaon,Assam,2012,3,0
assam__dima_hasao,Assam,2012,2,0
assam__lakhimpur,Assam,2012,5,0
karnataka__bellary,Karnataka,2012,0,0
karnataka__raichur,Karnataka,2012,0,0
kerala__kasaragod,Kerala,2012,0,0
assam__nagaon,Assam,2012,3,0
assam__sivasagar,Assam,2012,2,0
karnataka__chikkaballapura,Karnataka,2012,0,0
karnataka__dakshina_kannada,Karnataka,2012,0,0
kerala__kozhikode,Kerala,2012,1,0
maharashtra__hingoli,Maharashtra,2012,0,0
karnataka__yadgir,Karnataka,2012,0,0
maharashtra__mumbai,Maharashtra,2012,2,0
karnataka__bangalore,Karnataka,2020,0,301
karnataka__udupi,Karnataka,2020,0,302
maharashtra__dhule,Maharashtra,2020,1,0
maharashtra__nanded,Maharashtra,2020,3,62
kerala__thiruvananthapuram,Kerala,2020,9,152
maharashtra__ahmadnagar,Maharashtra,2020,3,0
maharashtra__gondiya,Maharashtra,2020,1,0
maharashtra__nandurbar,Maharashtra,2020,0,0
maharashtra__satara,Maharashtra,2020,4,0
maharashtra__akola,Maharashtra,2020,0,62
assam__goalpara,Assam,2005,1,21
assam__golaghat,Assam,2005,0,0
assam__lakhimpur,Assam,2005,2,21
assam__nalbari,Assam,2005,3,21
karnataka__haveri,Karnataka,2005,0,0
kerala__kasaragod,Kerala,2005,1,0
karnataka__bellary,Karnataka,2008,2,24
karnataka__shimoga,Karnataka,2008,1,0
assam__karimganj,Assam,2022,33,0
assam__tinsukia,Assam,2022,15,0
karnataka__haveri,Karnataka,2022,2,0
maharashtra__satara,Maharashtra,2022,1,0
maharashtra__wardha,Maharashtra,2022,8,0
assam__barpeta,Assam,2022,30,0
assam__kamrup_metropolitan,Assam,2022,39,0
maharashtra__chandrapur,Maharashtra,2022,3,0
assam__dima_hasao,Assam,2004,0,67
assam__sonitpur,Assam,2004,1,67
karnataka__haveri,Karnataka,2004,0,0
karnataka__mysore,Karnataka,2004,1,0
maharashtra__kolhapur,Maharashtra,2004,0,0
assam__lakhimpur,Assam,2003,1,44
assam__tinsukia,Assam,2003,0,44
karnataka__haveri,Karnataka,2003,0,0
maharashtra__kolhapur,Maharashtra,2003,0,0
maharashtra__nagpur,Maharashtra,2003,0,0
maharashtra__yavatmal,Maharashtra,2003,0,0
assam__dhemaji,Assam,2003,1,44
maharashtra__akola,Maharashtra,2003,0,0
assam__darrang,Assam,2019,1,221
assam__dima_hasao,Assam,2019,0,0
karnataka__raichur,Karnataka,2019,1,93
kerala__thiruvananthapuram,Kerala,2019,18,32
maharashtra__gondiya,Maharashtra,2019,0,295
maharashtra__nandurbar,Maharashtra,2019,0,0
maharashtra__wardha,Maharashtra,2019,2,293
karnataka__bagalkot,Karnataka,2019,2,32
maharashtra__akola,Maharashtra,2019,2,293
karnataka__haveri,Karnataka,2023,1,0
karnataka__mysore,Karnataka,2023,1,0
kerala__malappuram,Kerala,2023,1,0
maharashtra__nagpur,Maharashtra,2023,2,0
maharashtra__nashik,Maharashtra,2023,2,0
maharashtra__chandrapur,Maharashtra,2023,4,0
assam__sonitpur,Assam,2015,5,0
karnataka__mysore,Karnataka,2015,0,0
kerala__kasaragod,Kerala,2015,4,0
maharashtra__gondiya,Maharashtra,2015,0,0
maharashtra__wardha,Maharashtra,2015,1,0
assam__tinsukia,Assam,2002,1,50
maharashtra__ahmadnagar,Maharashtra,2002,1,0
maharashtra__gondiya,Maharashtra,2002,2,0
maharashtra__wardha,Maharashtra,2002,2,0
maharashtra__chandrapur,Maharashtra,2002,2,0
assam__dhubri,Assam,2017,2,182
assam__karimganj,Assam,2017,4,176
assam__nalbari,Assam,2017,3,179
maharashtra__satara,Maharashtra,2017,0,0
maharashtra__wardha,Maharashtra,2017,0,0
karnataka__kolar,Karnataka,2009,0,0
karnataka__raichur,Karnataka,2009,5,0
maharashtra__nashik,Maharashtra,2009,1,0
maharashtra__satara,Maharashtra,2009,5,0
maharashtra__yavatmal,Maharashtra,2009,1,0
karnataka__bagalkot,Karnataka,2009,2,0
maharashtra__latur,Maharashtra,2009,0,0
assam__goalpara,Assam,2000,0,21
karnataka__mysore,Karnataka,2000,1,0
kerala__malappuram,Kerala,2000,1,0
maharashtra__ahmadnagar,Maharashtra,2000,1,0
maharashtra__satara,Maharashtra,2000,1,0
karnataka__gulbarga,Karnataka,2000,3,0
kerala__pathanamthitta,Kerala,2000,2,0
maharashtra__nandurbar,Maharashtra,2001,1,0
karnataka__bagalkot,Karnataka,2001,0,0
karnataka__bellary,Karnataka,2013,1,0
kerala__thiruvananthapuram,Kerala,2013,8,16
maharashtra__nagpur,Maharashtra,2013,4,0
assam__kamrup_metropolitan,Assam,2013,1,0
maharashtra__chandrapur,Maharashtra,2013,3,0
maharashtra__latur,Maharashtra,2013,0,0
assam__bongaigaon,Assam,2006,0,0
assam__darrang,Assam,2006,1,0
assam__nalbari,Assam,2006,2,0
karnataka__kolar,Karnataka,2006,0,0
kerala__malappuram,Kerala,2006,3,0
assam__barpeta,Assam,2006,1,0
karnataka__gulbarga,Karnataka,2006,0,0
maharashtra__akola,Maharashtra,2006,1,0
assam__darrang,Assam,2016,2,0
assam__karbi_anglong,Assam,2016,2,0
karnataka__bellary,Karnataka,2016,0,0
karnataka__hassan,Karnataka,2016,2,0
karnataka__mysore,Karnataka,2016,1,0
maharashtra__ahmadnagar,Maharashtra,2016,1,0
maharashtra__satara,Maharashtra,2016,0,0
maharashtra__wardha,Maharashtra,2016,0,0
assam__baksa,Assam,2007,1,17
assam__golaghat,Assam,2007,1,17
maharashtra__nagpur,Maharashtra,2007,4,0
maharashtra__washim,Maharashtra,2007,1,0
assam__dhemaji,Assam,2007,3,17
karnataka__shimoga,Karnataka,2018,1,227
maharashtra__ahmadnagar,Maharashtra,2018,0,0
maharashtra__kolhapur,Maharashtra,2018,0,0
maharashtra__raigarh,Maharashtra,2018,1,0
maharashtra__akola,Maharashtra,2018,2,0
assam__baksa,Assam,2014,0,0
assam__udalguri,Assam,2014,2,0
assam__kamrup_metropolitan,Assam,2014,2,17
karnataka__gulbarga,Karnataka,2014,2,0
karnataka__haveri,Karnataka,2011,1,0
maharashtra__nandurbar,Maharashtra,2011,1,0
maharashtra__nashik,Maharashtra,2011,0,0
assam__dhemaji,Assam,2011,6,0
karnataka__gulbarga,Karnataka,2011,0,0
maharashtra__chandrapur,Maharashtra,2011,1,0
assam__lakhimpur,Assam,2004,1,67
assam__baksa,Assam,2021,0,0
assam__sonitpur,Assam,2021,10,0
kerala__malappuram,Kerala,2021,2,0
kerala__thiruvananthapuram,Kerala,2021,20,0
maharashtra__ahmadnagar,Maharashtra,2021,5,0
assam__cachar,Assam,2021,2,0
assam__nagaon,Assam,2021,10,0
karnataka__mandya,Karnataka,2021,0,0
karnataka__tumkur,Karnataka,2021,2,0
kerala__alappuzha,Kerala,2021,6,0
kerala__kozhikode,Kerala,2021,5,0
maharashtra__bid,Maharashtra,2021,8,0
maharashtra__hingoli,Maharashtra,2021,5,0
kerala__pathanamthitta,Kerala,2021,3,0
karnataka__yadgir,Karnataka,2021,1,0
assam__udalguri,Assam,2010,0,0
karnataka__davanagere,Karnataka,2010,1,0
karnataka__hassan,Karnataka,2010,0,0
maharashtra__pune,Maharashtra,2010,5,0
maharashtra__wardha,Maharashtra,2010,0,0
assam__cachar,Assam,2010,1,0
assam__hailakandi,Assam,2010,1,0
karnataka__chikmagalur,Karnataka,2010,0,0
karnataka__tumkur,Karnataka,2010,0,0
kerala__kozhikode,Kerala,2010,6,0
maharashtra__amravati,Maharashtra,2010,3,0
kerala__kannur,Kerala,2010,1,0
kerala__pathanamthitta,Kerala,2010,4,0
assam__baksa,Assam,2012,3,0
karnataka__davanagere,Karnataka,2012,0,0
karnataka__kolar,Karnataka,2012,0,0
maharashtra__yavatmal,Maharashtra,2012,0,0
assam__chirang,Assam,2012,2,0
assam__hailakandi,Assam,2012,2,0
karnataka__chikmagalur,Karnataka,2012,0,0
karnataka__chitradurga,Karnataka,2012,0,0
karnataka__koppal,Karnataka,2012,0,0
karnataka__ramanagara,Karnataka,2012,0,0
maharashtra__amravati,Maharashtra,2012,1,0
maharashtra__jalgaon,Maharashtra,2012,0,0
karnataka__kodagu,Karnataka,2012,1,0
maharashtra__bhandara,Maharashtra,2012,0,0
karnataka__bidar,Karnataka,2020,0,302
karnataka__mandya,Karnataka,2020,0,302
karnataka__ramanagara,Karnataka,2020,0,302
kerala__wayanad,Kerala,2020,5,0
maharashtra__jalna,Maharashtra,2020,2,62
kerala__palakkad,Kerala,2020,1,0
assam__karbi_anglong,Assam,2020,1,293
assam__lakhimpur,Assam,2020,1,262
karnataka__mysore,Karnataka,2020,0,302
karnataka__shimoga,Karnataka,2020,0,302
assam__baksa,Assam,2005,0,0
kerala__malappuram,Kerala,2005,1,0
maharashtra__washim,Maharashtra,2005,1,0
assam__kamrup_metropolitan,Assam,2005,0,0
maharashtra__latur,Maharashtra,2005,1,0
assam__goalpara,Assam,2008,0,0
assam__golaghat,Assam,2008,1,0
assam__lakhimpur,Assam,2008,8,0
karnataka__haveri,Karnataka,2008,1,0
karnataka__raichur,Karnataka,2008,1,0
maharashtra__nandurbar,Maharashtra,2008,1,0
maharashtra__washim,Maharashtra,2008,0,0
maharashtra__yavatmal,Maharashtra,2008,0,0
assam__kamrup_metropolitan,Assam,2008,1,0
kerala__pathanamthitta,Kerala,2008,3,0
karnataka__kolar,Karnataka,2022,0,0
karnataka__shimoga,Karnataka,2022,2,0
kerala__malappuram,Kerala,2022,5,0
maharashtra__pune,Maharashtra,2022,6,0
maharashtra__washim,Maharashtra,2022,12,0
maharashtra__akola,Maharashtra,2022,3,0
assam__darrang,Assam,2004,0,67
assam__nalbari,Assam,2004,2,67
assam__udalguri,Assam,2004,0,67
kerala__pathanamthitta,Kerala,2004,0,0
assam__dhubri,Assam,2003,1,44
assam__goalpara,Assam,2003,0,44
assam__karbi_anglong,Assam,2003,1,44
karnataka__shimoga,Karnataka,2003,1,0
kerala__malappuram,Kerala,2003,0,0
maharashtra__nandurbar,Maharashtra,2003,1,0
maharashtra__pune,Maharashtra,2003,3,0
kerala__pathanamthitta,Kerala,2003,0,0
maharashtra__chandrapur,Maharashtra,2003,0,0
assam__bongaigaon,Assam,2019,1,0
assam__goalpara,Assam,2019,1,0
assam__karbi_anglong,Assam,2019,1,0
assam__tinsukia,Assam,2019,1,0
karnataka__mysore,Karnataka,2019,2,0
maharashtra__nashik,Maharashtra,2019,4,0
karnataka__gulbarga,Karnataka,2019,1,0
assam__dhubri,Assam,2023,7,0
assam__golaghat,Assam,2023,16,0
assam__karbi_anglong,Assam,2023,0,0
karnataka__bellary,Karnataka,2023,1,0
karnataka__raichur,Karnataka,2023,1,0
karnataka__shimoga,Karnataka,2023,1,0
kerala__kasaragod,Kerala,2023,0,0
maharashtra__pune,Maharashtra,2023,3,0
karnataka__hassan,Karnataka,2015,4,0
maharashtra__washim,Maharashtra,2015,0,0
assam__barpeta,Assam,2015,8,0
maharashtra__akola,Maharashtra,2015,1,0
assam__baksa,Assam,2002,0,50
karnataka__hassan,Karnataka,2002,0,0
karnataka__raichur,Karnataka,2002,1,0
kerala__kasaragod,Kerala,2002,2,0
kerala__thiruvananthapuram,Kerala,2002,1,0
karnataka__gulbarga,Karnataka,2002,0,0
assam__tinsukia,Assam,2017,1,0
karnataka__mysore,Karnataka,2017,4,89
maharashtra__kolhapur,Maharashtra,2017,1,0
maharashtra__yavatmal,Maharashtra,2017,0,0
karnataka__gulbarga,Karnataka,2017,3,0
maharashtra__chandrapur,Maharashtra,2017,0,0
maharashtra__akola,Maharashtra,2017,0,0
assam__dhubri,Assam,2009,1,0
assam__nalbari,Assam,2009,0,0
assam__udalguri,Assam,2009,0,0
karnataka__davanagere,Karnataka,2009,2,0
karnataka__hassan,Karnataka,2009,0,0
maharashtra__nandurbar,Maharashtra,2009,0,0
assam__dhemaji,Assam,2009,5,0
kerala__kannur,Kerala,2009,1,0
kerala__pathanamthitta,Kerala,2009,2,0
assam__tinsukia,Assam,2000,1,40
karnataka__shimoga,Karnataka,2000,1,0
maharashtra__wardha,Maharashtra,2000,1,0
karnataka__davanagere,Karnataka,2001,0,0
karnataka__kolar,Karnataka,2001,2,0
karnataka__raichur,Karnataka,2001,2,0
kerala__malappuram,Kerala,2001,1,0
kerala__thiruvananthapuram,Kerala,2001,3,0
maharashtra__nashik,Maharashtra,2001,1,0
maharashtra__satara,Maharashtra,2001,0,0
maharashtra__washim,Maharashtra,2001,0,0
assam__kamrup_metropolitan,Assam,2001,0,0
assam__lakhimpur,Assam,2013,4,0
karnataka__mysore,Karnataka,2013,0,0
karnataka__shimoga,Karnataka,2013,1,0
maharashtra__kolhapur,Maharashtra,2013,0,0
maharashtra__nashik,Maharashtra,2013,0,0
maharashtra__satara,Maharashtra,2013,0,0
assam__tinsukia,Assam,2016,2,0
karnataka__davanagere,Karnataka,2016,0,0
kerala__kasaragod,Kerala,2016,2,0
maharashtra__pune,Maharashtra,2016,1,0
maharashtra__washim,Maharashtra,2016,1,0
kerala__kannur,Kerala,2016,2,0
assam__bongaigaon,Assam,2007,0,17
karnataka__haveri,Karnataka,2007,1,0
karnataka__kolar,Karnataka,2007,2,0
assam__barpeta,Assam,2007,3,17
kerala__pathanamthitta,Kerala,2007,3,0
maharashtra__latur,Maharashtra,2007,1,0
assam__baksa,Assam,2018,0,0
assam__goalpara,Assam,2018,0,0
maharashtra__nandurbar,Maharashtra,2018,1,0
maharashtra__washim,Maharashtra,2018,2,0
assam__kamrup_metropolitan,Assam,2018,0,0
karnataka__bagalkot,Karnataka,2018,0,0
kerala__pathanamthitta,Kerala,2018,0,235
maharashtra__chandrapur,Maharashtra,2018,2,0
assam__dhubri,Assam,2014,1,17
karnataka__hassan,Karnataka,2014,0,0
kerala__kasaragod,Kerala,2014,3,0
maharashtra__kolhapur,Maharashtra,2014,0,0
maharashtra__nandurbar,Maharashtra,2014,0,0
maharashtra__nashik,Maharashtra,2014,0,0
assam__barpeta,Assam,2014,1,17
assam__bongaigaon,Assam,2011,0,0
assam__golaghat,Assam,2011,2,0
assam__udalguri,Assam,2011,0,0
karnataka__kolar,Karnataka,2011,0,0
maharashtra__pune,Maharashtra,2011,6,0
maharashtra__satara,Maharashtra,2011,2,0
maharashtra__washim,Maharashtra,2011,0,0
assam__dhemaji,Assam,2016,5,0
karnataka__raichur,Karnataka,2021,0,0
karnataka__gadag,Karnataka,2021,0,0
kerala__kollam,Kerala,2021,3,0
kerala__wayanad,Kerala,2021,8,0
kerala__kannur,Kerala,2021,4,0
karnataka__kodagu,Karnataka,2021,1,0
maharashtra__dhule,Maharashtra,2021,2,0
maharashtra__akola,Maharashtra,2021,5,0
assam__goalpara,Assam,2010,0,0
assam__nalbari,Assam,2010,2,0
assam__sonitpur,Assam,2010,4,0
assam__sivasagar,Assam,2010,1,0
karnataka__bijapur,Karnataka,2010,1,0
kerala__kottayam,Kerala,2010,3,0
assam__barpeta,Assam,2010,6,0
maharashtra__chandrapur,Maharashtra,2010,2,0
assam__dibrugarh,Assam,2012,2,0
assam__jorhat,Assam,2012,3,0
karnataka__bangalore_rural,Karnataka,2012,1,0
karnataka__mandya,Karnataka,2012,0,0
kerala__idukki,Kerala,2012,1,0
maharashtra__dhule,Maharashtra,2012,0,0
assam__cachar,Assam,2020,0,207
assam__nagaon,Assam,2020,1,293
karnataka__bangalore_rural,Karnataka,2020,0,302
kerala__alappuzha,Kerala,2020,4,0
maharashtra__amravati,Maharashtra,2020,0,0
maharashtra__garhchiroli,Maharashtra,2020,4,0
maharashtra__hingoli,Maharashtra,2020,3,61
karnataka__chamrajnagar,Karnataka,2020,0,302
maharashtra__solapur,Maharashtra,2020,5,93
maharashtra__thane,Maharashtra,2020,1,186
maharashtra__bhandara,Maharashtra,2020,2,0
maharashtra__mumbai,Maharashtra,2020,2,62
karnataka__belgaum,Karnataka,2020,0,302
karnataka__davanagere,Karnataka,2020,0,302
karnataka__hassan,Karnataka,2020,0,302
assam__darrang,Assam,2005,1,0
maharashtra__kolhapur,Maharashtra,2005,3,0
maharashtra__nagpur,Maharashtra,2005,5,0
maharashtra__pune,Maharashtra,2005,6,0
maharashtra__satara,Maharashtra,2005,2,0
karnataka__gulbarga,Karnataka,2005,1,0
kerala__kannur,Kerala,2005,2,0
assam__baksa,Assam,2008,0,0
kerala__malappuram,Kerala,2008,3,0
assam__dhubri,Assam,2022,20,0
assam__dima_hasao,Assam,2022,49,0
assam__golaghat,Assam,2022,35,0
assam__lakhimpur,Assam,2022,32,0
maharashtra__gondiya,Maharashtra,2022,4,0
maharashtra__latur,Maharashtra,2022,2,0
maharashtra__ahmadnagar,Maharashtra,2004,0,0
assam__barpeta,Assam,2004,2,67
karnataka__davanagere,Karnataka,2003,1,0
maharashtra__satara,Maharashtra,2003,0,0
maharashtra__latur,Maharashtra,2003,1,0
karnataka__hassan,Karnataka,2019,1,0
maharashtra__kolhapur,Maharashtra,2019,1,32
assam__barpeta,Assam,2019,1,221
maharashtra__latur,Maharashtra,2019,0,0
assam__sonitpur,Assam,2023,12,0
karnataka__hassan,Karnataka,2023,1,0
karnataka__kolar,Karnataka,2023,1,0
maharashtra__washim,Maharashtra,2023,2,0
maharashtra__yavatmal,Maharashtra,2023,2,0
assam__kamrup_metropolitan,Assam,2023,6,0
assam__baksa,Assam,2015,5,0
assam__bongaigaon,Assam,2015,4,0
assam__darrang,Assam,2015,6,0
karnataka__haveri,Karnataka,2015,0,0
assam__kamrup_metropolitan,Assam,2015,5,0
maharashtra__raigarh,Maharashtra,2015,0,0
assam__bongaigaon,Assam,2002,0,50
assam__golaghat,Assam,2002,0,50
assam__udalguri,Assam,2002,0,50
kerala__malappuram,Kerala,2002,0,0
assam__dhemaji,Assam,2002,1,50
assam__golaghat,Assam,2017,4,179
karnataka__kolar,Karnataka,2017,2,0
kerala__kasaragod,Kerala,2017,0,0
maharashtra__ahmadnagar,Maharashtra,2017,0,0
assam__dhemaji,Assam,2017,2,304
kerala__kannur,Kerala,2017,0,0
assam__golaghat,Assam,2009,0,0
assam__karimganj,Assam,2009,0,0
maharashtra__pune,Maharashtra,2009,0,0
assam__darrang,Assam,2000,0,40
assam__dhubri,Assam,2000,3,40
assam__sonitpur,Assam,2000,2,19
karnataka__haveri,Karnataka,2000,0,0
kerala__thiruvananthapuram,Kerala,2000,3,0
maharashtra__yavatmal,Maharashtra,2000,2,0
karnataka__bagalkot,Karnataka,2000,0,0
maharashtra__raigarh,Maharashtra,2000,2,0
assam__dima_hasao,Assam,2001,0,0
assam__goalpara,Assam,2001,4,0
assam__karimganj,Assam,2001,1,0
assam__sonitpur,Assam,2001,1,24
maharashtra__yavatmal,Maharashtra,2001,0,0
maharashtra__chandrapur,Maharashtra,2001,0,0
assam__golaghat,Assam,2013,5,0
assam__karimganj,Assam,2013,1,0
karnataka__kolar,Karnataka,2013,0,0
kerala__malappuram,Kerala,2013,0,0
maharashtra__pune,Maharashtra,2013,3,0
maharashtra__wardha,Maharashtra,2013,4,0
maharashtra__yavatmal,Maharashtra,2013,3,0
assam__dhemaji,Assam,2013,4,0
kerala__pathanamthitta,Kerala,2013,2,0
assam__baksa,Assam,2006,0,0
karnataka__bellary,Karnataka,2006,0,0
karnataka__haveri,Karnataka,2006,0,0
kerala__kasaragod,Kerala,2006,1,0
maharashtra__ahmadnagar,Maharashtra,2006,3,0
kerala__kannur,Kerala,2006,3,0
assam__goalpara,Assam,2016,2,0
karnataka__haveri,Karnataka,2016,0,0
assam__karimganj,Assam,2007,1,17
kerala__thiruvananthapuram,Kerala,2007,5,0
maharashtra__satara,Maharashtra,2007,1,0
maharashtra__yavatmal,Maharashtra,2007,0,0
karnataka__gulbarga,Karnataka,2007,2,0
assam__dima_hasao,Assam,2018,0,0
assam__sonitpur,Assam,2018,0,266
karnataka__davanagere,Karnataka,2018,0,0
karnataka__hassan,Karnataka,2018,0,227
karnataka__raichur,Karnataka,2018,0,0
assam__barpeta,Assam,2018,0,266
karnataka__gulbarga,Karnataka,2018,0,0
assam__sonitpur,Assam,2014,4,17
maharashtra__raigarh,Maharashtra,2014,0,0
assam__lakhimpur,Assam,2011,6,0
assam__sonitpur,Assam,2011,4,0
kerala__kasaragod,Kerala,2011,1,0
maharashtra__nagpur,Maharashtra,2011,2,0
assam__barpeta,Assam,2011,2,0
karnataka__bijapur,Karnataka,2021,0,0
karnataka__chikmagalur,Karnataka,2021,0,0
kerala__kottayam,Kerala,2021,6,0
maharashtra__garhchiroli,Maharashtra,2021,0,0
maharashtra__mumbai_suburban,Maharashtra,2021,3,0
assam__barpeta,Assam,2021,9,0
assam__dhemaji,Assam,2021,10,30
karnataka__bagalkot,Karnataka,2021,0,0
maharashtra__buldana,Maharashtra,2021,3,0
assam__dima_hasao,Assam,2010,0,0
assam__karbi_anglong,Assam,2010,0,0
assam__tinsukia,Assam,2010,1,0
assam__chirang,Assam,2010,0,0
assam__jorhat,Assam,2010,3,0
maharashtra__bid,Maharashtra,2010,3,0
assam__dhemaji,Assam,2010,9,0
maharashtra__nanded,Maharashtra,2010,2,0
assam__sonitpur,Assam,2012,3,0
maharashtra__ahmadnagar,Maharashtra,2012,0,0
maharashtra__nagpur,Maharashtra,2012,2,0
maharashtra__nashik,Maharashtra,2012,0,0
maharashtra__wardha,Maharashtra,2012,1,0
assam__cachar,Assam,2012,1,0
karnataka__bidar,Karnataka,2012,0,0
karnataka__bijapur,Karnataka,2012,0,0
karnataka__gadag,Karnataka,2012,0,0
karnataka__tumkur,Karnataka,2012,0,0
maharashtra__garhchiroli,Maharashtra,2012,0,0
maharashtra__raigarh,Maharashtra,2012,0,0
karnataka__udupi,Karnataka,2012,1,0
maharashtra__parbhani,Maharashtra,2012,0,0
karnataka__chikkaballapura,Karnataka,2020,0,302
kerala__ernakulam,Kerala,2020,2,0
maharashtra__jalgaon,Maharashtra,2020,1,0
kerala__thrissur,Kerala,2020,1,0
maharashtra__osmanabad,Maharashtra,2020,4,60
karnataka__kodagu,Karnataka,2020,0,302
maharashtra__parbhani,Maharashtra,2020,2,62
assam__dima_hasao,Assam,2020,0,0
assam__nalbari,Assam,2020,1,232
assam__sonitpur,Assam,2020,0,300
assam__tinsukia,Assam,2020,1,262
assam__udalguri,Assam,2020,0,177
karnataka__haveri,Karnataka,2020,0,302
maharashtra__nashik,Maharashtra,2020,2,62
assam__barpeta,Assam,2020,1,293
karnataka__gulbarga,Karnataka,2020,0,302
karnataka__davanagere,Karnataka,2005,2,0
karnataka__mysore,Karnataka,2005,2,0
karnataka__shimoga,Karnataka,2005,0,0
maharashtra__nashik,Maharashtra,2005,2,0
karnataka__bagalkot,Karnataka,2005,1,0
assam__darrang,Assam,2008,2,0
assam__dhubri,Assam,2008,1,0
assam__dima_hasao,Assam,2008,0,0
assam__sonitpur,Assam,2008,2,0
karnataka__hassan,Karnataka,2008,2,0
assam__dhemaji,Assam,2008,2,0
kerala__kannur,Kerala,2008,1,0
maharashtra__chandrapur,Maharashtra,2008,1,0
maharashtra__raigarh,Maharashtra,2008,2,0
assam__goalpara,Assam,2022,36,0
assam__udalguri,Assam,2022,28,0
karnataka__davanagere,Karnataka,2022,1,0
karnataka__hassan,Karnataka,2022,2,0
kerala__kasaragod,Kerala,2022,2,0
maharashtra__nagpur,Maharashtra,2022,15,0
karnataka__bagalkot,Karnataka,2022,0,0
kerala__kannur,Kerala,2022,7,0
karnataka__raichur,Karnataka,2004,0,0
maharashtra__nashik,Maharashtra,2004,0,0
maharashtra__pune,Maharashtra,2004,2,0
maharashtra__satara,Maharashtra,2004,1,0
assam__kamrup_metropolitan,Assam,2004,0,67
maharashtra__chandrapur,Maharashtra,2004,0,0
maharashtra__latur,Maharashtra,2004,1,0
assam__baksa,Assam,2003,0,44
assam__dima_hasao,Assam,2003,0,44
assam__karimganj,Assam,2003,0,44
karnataka__hassan,Karnataka,2003,1,0
karnataka__mysore,Karnataka,2003,1,0
karnataka__gulbarga,Karnataka,2003,0,0
assam__karimganj,Assam,2019,1,0
maharashtra__pune,Maharashtra,2019,4,32
assam__kamrup_metropolitan,Assam,2019,1,0
assam__baksa,Assam,2023,9,0
assam__bongaigaon,Assam,2023,4,0
assam__nalbari,Assam,2023,12,0
kerala__thiruvananthapuram,Kerala,2023,0,0
maharashtra__gondiya,Maharashtra,2023,2,0
assam__barpeta,Assam,2023,12,0
assam__dhemaji,Assam,2023,13,0
karnataka__bagalkot,Karnataka,2023,1,0
karnataka__davanagere,Karnataka,2015,1,0
assam__karimganj,Assam,2002,1,50
karnataka__mysore,Karnataka,2002,0,0
karnataka__shimoga,Karnataka,2002,0,0
maharashtra__yavatmal,Maharashtra,2002,2,0
assam__kamrup_metropolitan,Assam,2002,0,50
kerala__pathanamthitta,Kerala,2002,0,0
maharashtra__raigarh,Maharashtra,2002,1,0
maharashtra__akola,Maharashtra,2002,2,0
assam__goalpara,Assam,2017,3,32
assam__sonitpur,Assam,2017,4,291
karnataka__bellary,Karnataka,2017,2,62
karnataka__hassan,Karnataka,2017,3,60
karnataka__raichur,Karnataka,2017,3,0
karnataka__shimoga,Karnataka,2017,0,31
kerala__malappuram,Kerala,2017,0,0
assam__kamrup_metropolitan,Assam,2017,1,0
assam__goalpara,Assam,2009,0,0
assam__karbi_anglong,Assam,2009,2,0
kerala__kasaragod,Kerala,2009,1,0
maharashtra__wardha,Maharashtra,2009,1,0
maharashtra__washim,Maharashtra,2009,0,0
karnataka__davanagere,Karnataka,2000,2,0
maharashtra__gondiya,Maharashtra,2000,1,0
assam__barpeta,Assam,2000,0,21
maharashtra__akola,Maharashtra,2000,1,0
assam__lakhimpur,Assam,2001,0,24
assam__nalbari,Assam,2001,2,24
assam__udalguri,Assam,2001,0,0
kerala__kasaragod,Kerala,2001,1,0
karnataka__davanagere,Karnataka,2013,1,0
maharashtra__ahmadnagar,Maharashtra,2013,0,0
karnataka__bagalkot,Karnataka,2013,0,0
kerala__kannur,Kerala,2013,1,0
assam__karimganj,Assam,2006,1,0
maharashtra__raigarh,Maharashtra,2006,1,0
assam__baksa,Assam,2016,1,0
assam__bongaigaon,Assam,2016,2,0
maharashtra__yavatmal,Maharashtra,2016,1,0
kerala__pathanamthitta,Kerala,2016,1,0
maharashtra__chandrapur,Maharashtra,2016,2,0
assam__nalbari,Assam,2007,2,17
assam__sonitpur,Assam,2007,2,17
assam__udalguri,Assam,2007,0,17
karnataka__bellary,Karnataka,2007,3,0
kerala__malappuram,Kerala,2007,3,0
assam__kamrup_metropolitan,Assam,2007,0,17
kerala__kannur,Kerala,2007,2,0
maharashtra__raigarh,Maharashtra,2007,0,0
assam__golaghat,Assam,2018,1,263
karnataka__haveri,Karnataka,2018,0,0
maharashtra__gondiya,Maharashtra,2018,1,0
maharashtra__nashik,Maharashtra,2018,1,32
assam__bongaigaon,Assam,2014,0,17
assam__darrang,Assam,2014,2,17
maharashtra__satara,Maharashtra,2014,0,0
assam__dhemaji,Assam,2014,2,17
karnataka__bagalkot,Karnataka,2014,0,0
maharashtra__chandrapur,Maharashtra,2014,1,0
assam__darrang,Assam,2011,1,0
assam__dima_hasao,Assam,2011,0,0
karnataka__hassan,Karnataka,2011,0,0
karnataka__raichur,Karnataka,2011,0,0
maharashtra__ahmadnagar,Maharashtra,2011,1,0
karnataka__bagalkot,Karnataka,2011,1,0
kerala__kannur,Kerala,2011,2,0
maharashtra__raigarh,Maharashtra,2011,1,0
karnataka__chitradurga,Karnataka,2005,0,0
karnataka__ramanagara,Karnataka,2005,0,0
kerala__alappuzha,Kerala,2005,2,0
kerala__ernakulam,Kerala,2005,3,0
kerala__kottayam,Kerala,2005,2,0
maharashtra__amravati,Maharashtra,2005,1,0
maharashtra__jalgaon,Maharashtra,2005,0,0
maharashtra__sindhudurg,Maharashtra,2005,1,0
karnataka__kodagu,Karnataka,2005,2,0
maharashtra__mumbai,Maharashtra,2005,4,0
maharashtra__parbhani,Maharashtra,2005,3,0
assam__nagaon,Assam,2022,47,0
assam__sivasagar,Assam,2022,23,0
karnataka__chikmagalur,Karnataka,2022,0,0
karnataka__koppal,Karnataka,2022,2,0
karnataka__mandya,Karnataka,2022,2,0
kerala__ernakulam,Kerala,2022,5,0
karnataka__kodagu,Karnataka,2022,3,0
assam__cachar,Assam,2008,0,0
karnataka__koppal,Karnataka,2008,0,0
maharashtra__amravati,Maharashtra,2008,0,0
maharashtra__hingoli,Maharashtra,2008,0,0
karnataka__udupi,Karnataka,2008,0,0
karnataka__yadgir,Karnataka,2008,0,0
assam__dibrugarh,Assam,2015,6,0
karnataka__dakshina_kannada,Karnataka,2015,3,0
kerala__alappuzha,Kerala,2015,9,0
kerala__kollam,Kerala,2015,5,0
maharashtra__aurangabad,Maharashtra,2015,1,0
maharashtra__hingoli,Maharashtra,2015,1,0
maharashtra__jalna,Maharashtra,2015,1,0
maharashtra__buldana,Maharashtra,2015,0,0
assam__dibrugarh,Assam,2004,1,67
assam__jorhat,Assam,2004,1,67
assam__sivasagar,Assam,2004,0,67
karnataka__bidar,Karnataka,2004,0,0
karnataka__bijapur,Karnataka,2004,0,0
kerala__ernakulam,Kerala,2004,1,0
maharashtra__aurangabad,Maharashtra,2004,1,0
maharashtra__jalgaon,Maharashtra,2004,0,0
maharashtra__sindhudurg,Maharashtra,2004,0,0
karnataka__gadag,Karnataka,2019,0,0
karnataka__mandya,Karnataka,2019,0,0
kerala__alappuzha,Kerala,2019,5,32
kerala__kollam,Kerala,2019,4,0
maharashtra__aurangabad,Maharashtra,2019,0,0
maharashtra__jalna,Maharashtra,2019,0,0
maharashtra__sindhudurg,Maharashtra,2019,0,0
assam__chirang,Assam,2023,11,0
assam__nagaon,Assam,2023,11,0
karnataka__tumkur,Karnataka,2023,1,0
maharashtra__jalna,Maharashtra,2023,0,0
maharashtra__sindhudurg,Maharashtra,2023,1,0
maharashtra__parbhani,Maharashtra,2023,1,0
assam__dibrugarh,Assam,2013,3,0
karnataka__bidar,Karnataka,2013,0,0
karnataka__gadag,Karnataka,2013,0,0
karnataka__mandya,Karnataka,2013,0,0
karnataka__ramanagara,Karnataka,2013,0,0
karnataka__udupi,Karnataka,2013,1,0
karnataka__bangalore_rural,Karnataka,2009,1,0
kerala__kozhikode,Kerala,2009,3,0
maharashtra__jalgaon,Maharashtra,2009,0,0
maharashtra__mumbai_suburban,Maharashtra,2009,0,0
assam__chirang,Assam,2014,0,0
kerala__kozhikode,Kerala,2014,4,0
assam__chirang,Assam,2017,3,294
karnataka__bangalore,Karnataka,2017,5,143
karnataka__chitradurga,Karnataka,2017,1,0
karnataka__mandya,Karnataka,2017,3,0
karnataka__ramanagara,Karnataka,2017,0,0
kerala__wayanad,Kerala,2017,2,62
maharashtra__jalna,Maharashtra,2017,0,0
maharashtra__bhandara,Maharashtra,2017,0,31
karnataka__ramanagara,Karnataka,2018,0,0
maharashtra__amravati,Maharashtra,2018,2,0
maharashtra__aurangabad,Maharashtra,2018,1,0
maharashtra__jalgaon,Maharashtra,2018,1,0
maharashtra__jalna,Maharashtra,2018,1,0
maharashtra__nanded,Maharashtra,2018,1,0
assam__cachar,Assam,2000,0,0
assam__hailakandi,Assam,2000,2,0
karnataka__mandya,Karnataka,2000,2,0
karnataka__tumkur,Karnataka,2000,2,0
kerala__ernakulam,Kerala,2000,0,0
kerala__kottayam,Kerala,2000,2,0
maharashtra__garhchiroli,Maharashtra,2000,1,0
karnataka__udupi,Karnataka,2000,0,0
maharashtra__bhandara,Maharashtra,2000,1,0
maharashtra__parbhani,Maharashtra,2000,2,0
assam__cachar,Assam,2006,1,0
assam__jorhat,Assam,2006,3,0
maharashtra__garhchiroli,Maharashtra,2006,1,0
maharashtra__hingoli,Maharashtra,2006,2,0
maharashtra__jalgaon,Maharashtra,2006,3,0
maharashtra__nanded,Maharashtra,2006,2,0
assam__cachar,Assam,2001,1,0
assam__sivasagar,Assam,2001,0,0
karnataka__bangalore_rural,Karnataka,2001,8,0
karnataka__koppal,Karnataka,2001,0,0
kerala__alappuzha,Kerala,2001,3,0
maharashtra__garhchiroli,Maharashtra,2001,0,0
maharashtra__hingoli,Maharashtra,2001,0,0
karnataka__bangalore_rural,Karnataka,2003,0,0
karnataka__chikmagalur,Karnataka,2003,0,0
kerala__kollam,Kerala,2003,1,0
maharashtra__jalna,Maharashtra,2003,0,0
maharashtra__nanded,Maharashtra,2003,0,0
assam__jorhat,Assam,2007,0,17
karnataka__gadag,Karnataka,2007,2,0
karnataka__mandya,Karnataka,2007,2,0
maharashtra__aurangabad,Maharashtra,2007,1,0
maharashtra__hingoli,Maharashtra,2007,1,0
maharashtra__jalna,Maharashtra,2007,1,0
maharashtra__sindhudurg,Maharashtra,2007,1,0
assam__jorhat,Assam,2002,0,50
karnataka__bangalore_rural,Karnataka,2002,0,0
karnataka__chikmagalur,Karnataka,2002,0,0
karnataka__chitradurga,Karnataka,2002,1,0
karnataka__mandya,Karnataka,2002,0,0
maharashtra__hingoli,Maharashtra,2002,2,0
maharashtra__buldana,Maharashtra,2002,3,0
maharashtra__nanded,Maharashtra,2002,2,0
karnataka__mandya,Karnataka,2011,0,0
kerala__kozhikode,Kerala,2011,4,0
maharashtra__aurangabad,Maharashtra,2011,0,0
karnataka__bangalore,Karnataka,2016,1,0
karnataka__bidar,Karnataka,2016,2,0
karnataka__chikmagalur,Karnataka,2016,1,0
karnataka__tumkur,Karnataka,2016,0,0
maharashtra__jalna,Maharashtra,2016,0,0
maharashtra__mumbai_suburban,Maharashtra,2016,1,0
karnataka__kodagu,Karnataka,2016,2,0
maharashtra__nanded,Maharashtra,2016,0,0
maharashtra__parbhani,Maharashtra,2016,0,0
assam__marigaon,Assam,2008,0,0
maharashtra__solapur,Maharashtra,2015,0,0
assam__cachar,Assam,2005,1,0
assam__chirang,Assam,2005,0,0
assam__dibrugarh,Assam,2005,1,21
assam__sivasagar,Assam,2005,1,0
karnataka__dakshina_kannada,Karnataka,2005,1,0
karnataka__gadag,Karnataka,2005,3,0
karnataka__koppal,Karnataka,2005,0,0
maharashtra__garhchiroli,Maharashtra,2005,0,0
maharashtra__mumbai_suburban,Maharashtra,2005,0,0
assam__cachar,Assam,2022,46,0
karnataka__yadgir,Karnataka,2022,1,0
assam__dibrugarh,Assam,2008,1,0
assam__sivasagar,Assam,2008,0,0
karnataka__bidar,Karnataka,2008,2,0
karnataka__chikmagalur,Karnataka,2008,0,0
karnataka__mandya,Karnataka,2008,0,0
kerala__idukki,Kerala,2008,2,0
maharashtra__sindhudurg,Maharashtra,2008,1,0
maharashtra__mumbai,Maharashtra,2008,4,0
karnataka__tumkur,Karnataka,2015,3,0
maharashtra__amravati,Maharashtra,2015,1,0
maharashtra__jalgaon,Maharashtra,2015,0,0
maharashtra__sindhudurg,Maharashtra,2015,0,0
maharashtra__dhule,Maharashtra,2015,0,0
karnataka__dakshina_kannada,Karnataka,2004,3,0
maharashtra__amravati,Maharashtra,2004,0,0
assam__jorhat,Assam,2019,1,223
karnataka__bijapur,Karnataka,2019,0,0
karnataka__kodagu,Karnataka,2019,1,125
karnataka__bangalore,Karnataka,2023,1,0
karnataka__chikmagalur,Karnataka,2023,1,0
karnataka__gadag,Karnataka,2023,1,0
maharashtra__amravati,Maharashtra,2023,5,0
maharashtra__hingoli,Maharashtra,2023,0,0
maharashtra__ratnagiri,Maharashtra,2023,2,0
karnataka__udupi,Karnataka,2023,3,0
karnataka__yadgir,Karnataka,2023,1,0
assam__jorhat,Assam,2013,5,0
karnataka__chikkaballapura,Karnataka,2013,0,0
kerala__wayanad,Kerala,2013,10,0
maharashtra__dhule,Maharashtra,2013,0,0
assam__chirang,Assam,2009,0,0
assam__dibrugarh,Assam,2009,0,0
assam__jorhat,Assam,2009,2,0
karnataka__chikmagalur,Karnataka,2009,0,0
karnataka__tumkur,Karnataka,2009,0,0
kerala__idukki,Kerala,2009,2,0
kerala__kollam,Kerala,2009,3,0
maharashtra__amravati,Maharashtra,2009,2,0
maharashtra__bid,Maharashtra,2009,1,0
maharashtra__jalna,Maharashtra,2009,0,0
karnataka__kodagu,Karnataka,2009,0,0
maharashtra__dhule,Maharashtra,2009,1,0
maharashtra__mumbai,Maharashtra,2009,4,0
karnataka__dakshina_kannada,Karnataka,2014,1,0
kerala__kollam,Kerala,2014,0,0
maharashtra__aurangabad,Maharashtra,2014,0,0
maharashtra__nanded,Maharashtra,2014,0,0
assam__jorhat,Assam,2017,4,291
kerala__ernakulam,Kerala,2017,0,0
maharashtra__amravati,Maharashtra,2017,0,0
maharashtra__bid,Maharashtra,2017,1,0
maharashtra__mumbai,Maharashtra,2017,2,0
assam__dibrugarh,Assam,2018,0,265
karnataka__chikkaballapura,Karnataka,2018,0,0
karnataka__tumkur,Karnataka,2018,0,0
kerala__alappuzha,Kerala,2018,2,235
kerala__ernakulam,Kerala,2018,0,235
kerala__idukki,Kerala,2018,1,235
maharashtra__bhandara,Maharashtra,2018,2,0
maharashtra__parbhani,Maharashtra,2018,1,0
assam__nagaon,Assam,2000,0,0
assam__sivasagar,Assam,2000,0,0
karnataka__bangalore,Karnataka,2000,0,0
maharashtra__hingoli,Maharashtra,2000,1,0
maharashtra__jalgaon,Maharashtra,2000,1,0
karnataka__bidar,Karnataka,2006,0,0
karnataka__ramanagara,Karnataka,2006,0,0
kerala__kozhikode,Kerala,2006,4,0
maharashtra__bid,Maharashtra,2006,2,0
maharashtra__mumbai_suburban,Maharashtra,2006,0,0
maharashtra__mumbai,Maharashtra,2006,4,0
karnataka__chikkaballapura,Karnataka,2001,0,0
karnataka__bidar,Karnataka,2003,1,0
karnataka__chikkaballapura,Karnataka,2003,0,0
karnataka__yadgir,Karnataka,2003,0,0
karnataka__bijapur,Karnataka,2007,2,0
karnataka__ramanagara,Karnataka,2007,1,0
maharashtra__amravati,Maharashtra,2007,4,0
maharashtra__nanded,Maharashtra,2007,1,0
karnataka__bijapur,Karnataka,2002,1,0
karnataka__tumkur,Karnataka,2002,0,0
kerala__alappuzha,Kerala,2002,0,0
maharashtra__parbhani,Maharashtra,2002,2,0
karnataka__bijapur,Karnataka,2011,1,0
karnataka__gadag,Karnataka,2011,0,0
kerala__kottayam,Kerala,2011,3,0
kerala__wayanad,Kerala,2011,9,0
maharashtra__bid,Maharashtra,2011,0,0
assam__hailakandi,Assam,2016,1,0
kerala__alappuzha,Kerala,2016,1,0
karnataka__udupi,Karnataka,2016,1,0
karnataka__yadgir,Karnataka,2016,1,0
karnataka__uttara_kannada,Karnataka,2021,1,0
maharashtra__osmanabad,Maharashtra,2021,7,0
assam__kokrajhar,Assam,2010,1,0
karnataka__dharwad,Karnataka,2010,0,0
maharashtra__sangli,Maharashtra,2010,1,0
kerala__thrissur,Kerala,2008,2,0
assam__kamrup,Assam,2008,2,0
assam__marigaon,Assam,2015,7,0
maharashtra__thane,Maharashtra,2015,1,0
karnataka__chamrajnagar,Karnataka,2005,1,0
maharashtra__osmanabad,Maharashtra,2005,1,0
assam__kamrup,Assam,2014,0,0
assam__jorhat,Assam,2005,1,21
karnataka__bidar,Karnataka,2005,0,0
karnataka__bijapur,Karnataka,2005,1,0
maharashtra__bid,Maharashtra,2005,4,0
maharashtra__ratnagiri,Maharashtra,2005,1,0
maharashtra__bhandara,Maharashtra,2005,4,0
assam__chirang,Assam,2022,30,0
karnataka__chikkaballapura,Karnataka,2022,2,0
maharashtra__bid,Maharashtra,2022,2,0
maharashtra__buldana,Maharashtra,2022,2,0
maharashtra__nanded,Maharashtra,2022,6,0
karnataka__bijapur,Karnataka,2008,2,0
maharashtra__jalgaon,Maharashtra,2008,0,0
maharashtra__buldana,Maharashtra,2008,0,0
maharashtra__parbhani,Maharashtra,2008,1,0
assam__jorhat,Assam,2015,6,0
karnataka__bidar,Karnataka,2015,1,0
karnataka__bijapur,Karnataka,2015,0,0
karnataka__gadag,Karnataka,2015,1,0
karnataka__ramanagara,Karnataka,2015,0,0
kerala__kozhikode,Kerala,2015,2,0
maharashtra__ratnagiri,Maharashtra,2015,0,0
karnataka__udupi,Karnataka,2015,1,0
assam__hailakandi,Assam,2004,0,67
assam__nagaon,Assam,2004,0,67
karnataka__chikmagalur,Karnataka,2004,0,0
karnataka__gadag,Karnataka,2004,1,0
kerala__kollam,Kerala,2004,1,15
kerala__kozhikode,Kerala,2004,1,15
maharashtra__ratnagiri,Maharashtra,2004,0,0
karnataka__udupi,Karnataka,2004,1,0
maharashtra__parbhani,Maharashtra,2004,1,0
karnataka__chitradurga,Karnataka,2019,0,0
karnataka__dakshina_kannada,Karnataka,2019,0,93
maharashtra__amravati,Maharashtra,2019,0,295
maharashtra__hingoli,Maharashtra,2019,0,0
maharashtra__ratnagiri,Maharashtra,2019,1,0
maharashtra__nanded,Maharashtra,2019,1,0
assam__cachar,Assam,2023,0,0
assam__hailakandi,Assam,2023,0,0
karnataka__bidar,Karnataka,2023,1,0
karnataka__chitradurga,Karnataka,2023,1,0
kerala__kozhikode,Kerala,2023,1,0
maharashtra__jalgaon,Maharashtra,2023,3,0
maharashtra__bhandara,Maharashtra,2023,0,0
maharashtra__nanded,Maharashtra,2023,3,0
assam__chirang,Assam,2013,2,0
assam__nagaon,Assam,2013,3,0
karnataka__chikmagalur,Karnataka,2013,0,0
kerala__alappuzha,Kerala,2013,3,0
maharashtra__amravati,Maharashtra,2013,3,0
maharashtra__aurangabad,Maharashtra,2013,0,0
maharashtra__bhandara,Maharashtra,2013,1,0
karnataka__bangalore,Karnataka,2009,3,0
karnataka__koppal,Karnataka,2009,2,0
karnataka__mandya,Karnataka,2009,0,0
assam__cachar,Assam,2014,1,0
assam__nagaon,Assam,2014,1,17
kerala__kottayam,Kerala,2014,2,0
maharashtra__jalgaon,Maharashtra,2014,0,0
karnataka__udupi,Karnataka,2014,0,0
karnataka__yadgir,Karnataka,2014,0,0
assam__sivasagar,Assam,2017,4,179
kerala__alappuzha,Kerala,2017,1,0
kerala__kollam,Kerala,2017,0,0
karnataka__kodagu,Karnataka,2017,5,0
assam__chirang,Assam,2018,0,265
karnataka__bangalore_rural,Karnataka,2018,0,93
karnataka__bijapur,Karnataka,2018,0,0
karnataka__chikmagalur,Karnataka,2018,1,303
karnataka__gadag,Karnataka,2018,0,32
kerala__kottayam,Kerala,2018,0,235
maharashtra__buldana,Maharashtra,2018,2,0
maharashtra__mumbai,Maharashtra,2018,3,0
maharashtra__aurangabad,Maharashtra,2000,1,0
maharashtra__buldana,Maharashtra,2000,1,0
assam__chirang,Assam,2006,0,0
assam__nagaon,Assam,2006,1,0
karnataka__bangalore,Karnataka,2006,1,0
karnataka__koppal,Karnataka,2006,0,0
kerala__kollam,Kerala,2006,3,0
assam__dibrugarh,Assam,2001,0,0
assam__jorhat,Assam,2001,1,24
karnataka__bangalore,Karnataka,2001,0,0
karnataka__dakshina_kannada,Karnataka,2001,4,0
karnataka__ramanagara,Karnataka,2001,0,0
karnataka__tumkur,Karnataka,2001,1,0
maharashtra__jalgaon,Maharashtra,2001,1,0
maharashtra__sindhudurg,Maharashtra,2001,0,0
karnataka__kodagu,Karnataka,2001,1,0
maharashtra__dhule,Maharashtra,2001,0,0
maharashtra__nanded,Maharashtra,2001,1,0
maharashtra__parbhani,Maharashtra,2001,1,0
assam__jorhat,Assam,2003,1,44
karnataka__chitradurga,Karnataka,2003,0,0
karnataka__dakshina_kannada,Karnataka,2003,1,0
kerala__alappuzha,Kerala,2003,0,0
kerala__kozhikode,Kerala,2003,1,0
kerala__wayanad,Kerala,2003,0,0
maharashtra__bid,Maharashtra,2003,0,0
maharashtra__hingoli,Maharashtra,2003,0,0
assam__hailakandi,Assam,2007,0,17
kerala__kottayam,Kerala,2007,2,0
maharashtra__jalgaon,Maharashtra,2007,0,0
karnataka__udupi,Karnataka,2007,2,0
maharashtra__bhandara,Maharashtra,2007,3,0
karnataka__chikkaballapura,Karnataka,2002,0,0
karnataka__koppal,Karnataka,2002,0,0
karnataka__ramanagara,Karnataka,2002,0,0
kerala__idukki,Kerala,2002,0,0
kerala__kollam,Kerala,2002,1,0
maharashtra__bid,Maharashtra,2002,2,0
karnataka__kodagu,Karnataka,2002,1,0
karnataka__yadgir,Karnataka,2002,0,0
assam__hailakandi,Assam,2011,0,0
assam__nagaon,Assam,2011,0,0
karnataka__bangalore_rural,Karnataka,2011,0,0
karnataka__chikkaballapura,Karnataka,2011,0,0
karnataka__dakshina_kannada,Karnataka,2011,1,0
karnataka__tumkur,Karnataka,2011,0,0
maharashtra__amravati,Maharashtra,2011,0,0
maharashtra__garhchiroli,Maharashtra,2011,0,0
karnataka__udupi,Karnataka,2011,0,0
maharashtra__buldana,Maharashtra,2011,1,0
maharashtra__dhule,Maharashtra,2011,1,0
maharashtra__mumbai,Maharashtra,2011,3,0
maharashtra__parbhani,Maharashtra,2011,0,0
assam__cachar,Assam,2016,2,0
karnataka__gadag,Karnataka,2016,1,0
karnataka__ramanagara,Karnataka,2016,0,0
maharashtra__amravati,Maharashtra,2016,2,0
maharashtra__aurangabad,Maharashtra,2016,0,0
maharashtra__garhchiroli,Maharashtra,2016,3,0
maharashtra__hingoli,Maharashtra,2016,0,0
maharashtra__sindhudurg,Maharashtra,2016,1,0
assam__kokrajhar,Assam,2021,1,0
kerala__thrissur,Kerala,2021,8,0
kerala__palakkad,Kerala,2021,5,0
assam__marigaon,Assam,2010,4,0
karnataka__chamrajnagar,Karnataka,2008,1,0
karnataka__dharwad,Karnataka,2008,1,0
maharashtra__osmanabad,Maharashtra,2015,1,0
karnataka__dharwad,Karnataka,2015,1,0
kerala__thrissur,Kerala,2005,1,0
kerala__thrissur,Kerala,2022,4,0
assam__kokrajhar,Assam,2014,1,17
karnataka__udupi,Karnataka,2005,0,0
assam__hailakandi,Assam,2022,34,0
karnataka__bijapur,Karnataka,2022,2,0
karnataka__gadag,Karnataka,2022,1,0
karnataka__ramanagara,Karnataka,2022,0,0
kerala__kottayam,Kerala,2022,4,0
maharashtra__amravati,Maharashtra,2022,8,0
maharashtra__ratnagiri,Maharashtra,2022,2,0
karnataka__udupi,Karnataka,2022,1,0
maharashtra__dhule,Maharashtra,2022,1,0
assam__chirang,Assam,2008,0,0
assam__nagaon,Assam,2008,1,0
karnataka__bangalore,Karnataka,2008,0,0
karnataka__bangalore_rural,Karnataka,2008,6,0
karnataka__gadag,Karnataka,2008,2,0
maharashtra__jalna,Maharashtra,2008,0,0
maharashtra__ratnagiri,Maharashtra,2008,1,0
karnataka__bangalore_rural,Karnataka,2015,3,0
karnataka__chikkaballapura,Karnataka,2015,0,0
karnataka__chitradurga,Karnataka,2015,4,0
kerala__idukki,Kerala,2015,6,0
maharashtra__bid,Maharashtra,2015,1,0
karnataka__yadgir,Karnataka,2015,0,0
maharashtra__bhandara,Maharashtra,2015,0,0
karnataka__chikkaballapura,Karnataka,2004,2,0
kerala__idukki,Kerala,2004,1,15
kerala__wayanad,Kerala,2004,2,0
maharashtra__bid,Maharashtra,2004,1,0
maharashtra__mumbai_suburban,Maharashtra,2004,0,0
karnataka__yadgir,Karnataka,2004,0,0
maharashtra__mumbai,Maharashtra,2004,3,0
karnataka__bangalore_rural,Karnataka,2019,0,0
karnataka__chikmagalur,Karnataka,2019,0,0
kerala__idukki,Kerala,2019,7,32
kerala__kozhikode,Kerala,2019,4,0
maharashtra__jalgaon,Maharashtra,2019,0,0
maharashtra__mumbai_suburban,Maharashtra,2019,0,0
maharashtra__buldana,Maharashtra,2019,1,295
maharashtra__mumbai,Maharashtra,2019,6,0
assam__dibrugarh,Assam,2023,16,0
kerala__wayanad,Kerala,2023,1,0
maharashtra__aurangabad,Maharashtra,2023,1,0
maharashtra__garhchiroli,Maharashtra,2023,3,0
assam__hailakandi,Assam,2013,1,0
karnataka__koppal,Karnataka,2013,0,0
kerala__kollam,Kerala,2013,2,0
maharashtra__bid,Maharashtra,2013,0,0
karnataka__chitradurga,Karnataka,2009,2,0
kerala__ernakulam,Kerala,2009,2,0
kerala__kottayam,Kerala,2009,2,0
kerala__wayanad,Kerala,2009,4,0
maharashtra__nanded,Maharashtra,2009,0,0
assam__jorhat,Assam,2014,0,17
karnataka__bangalore_rural,Karnataka,2014,2,0
karnataka__bidar,Karnataka,2014,1,0
karnataka__koppal,Karnataka,2014,1,0
karnataka__ramanagara,Karnataka,2014,0,0
maharashtra__amravati,Maharashtra,2014,0,0
maharashtra__hingoli,Maharashtra,2014,0,0
maharashtra__buldana,Maharashtra,2014,1,0
maharashtra__mumbai,Maharashtra,2014,2,0
karnataka__chikkaballapura,Karnataka,2017,1,0
karnataka__tumkur,Karnataka,2017,1,0
kerala__idukki,Kerala,2017,3,59
maharashtra__mumbai_suburban,Maharashtra,2017,0,0
maharashtra__ratnagiri,Maharashtra,2017,1,0
maharashtra__sindhudurg,Maharashtra,2017,0,0
maharashtra__parbhani,Maharashtra,2017,1,0
karnataka__bidar,Karnataka,2018,0,0
kerala__kollam,Kerala,2018,0,235
kerala__kozhikode,Kerala,2018,0,235
maharashtra__ratnagiri,Maharashtra,2018,0,0
assam__chirang,Assam,2000,0,0
karnataka__gadag,Karnataka,2000,0,0
kerala__alappuzha,Kerala,2000,3,0
kerala__idukki,Kerala,2000,3,0
maharashtra__amravati,Maharashtra,2000,1,0
maharashtra__jalna,Maharashtra,2000,2,0
maharashtra__dhule,Maharashtra,2000,1,0
assam__dibrugarh,Assam,2006,0,0
assam__sivasagar,Assam,2006,1,0
karnataka__bijapur,Karnataka,2006,2,0
karnataka__mandya,Karnataka,2006,1,0
kerala__kottayam,Kerala,2006,3,0
kerala__wayanad,Kerala,2006,8,0
maharashtra__aurangabad,Maharashtra,2006,2,0
assam__nagaon,Assam,2001,1,0
kerala__kozhikode,Kerala,2001,3,0
maharashtra__mumbai_suburban,Maharashtra,2001,0,0
assam__dibrugarh,Assam,2003,0,44
karnataka__mandya,Karnataka,2003,0,0
kerala__ernakulam,Kerala,2003,0,0
maharashtra__garhchiroli,Maharashtra,2003,0,0
maharashtra__sindhudurg,Maharashtra,2003,1,0
karnataka__udupi,Karnataka,2003,2,0
maharashtra__mumbai,Maharashtra,2003,3,0
assam__nagaon,Assam,2007,1,17
karnataka__chikmagalur,Karnataka,2007,1,0
karnataka__dakshina_kannada,Karnataka,2007,4,0
kerala__idukki,Kerala,2007,4,0
karnataka__yadgir,Karnataka,2007,1,0
assam__cachar,Assam,2002,0,50
assam__dibrugarh,Assam,2002,1,50
maharashtra__garhchiroli,Maharashtra,2002,2,0
maharashtra__bhandara,Maharashtra,2002,3,0
maharashtra__hingoli,Maharashtra,2011,0,0
maharashtra__jalna,Maharashtra,2011,0,0
maharashtra__mumbai_suburban,Maharashtra,2011,0,0
maharashtra__ratnagiri,Maharashtra,2011,4,0
karnataka__kodagu,Karnataka,2011,1,0
assam__jorhat,Assam,2016,6,0
karnataka__bangalore_rural,Karnataka,2016,0,0
karnataka__dakshina_kannada,Karnataka,2016,3,0
karnataka__mandya,Karnataka,2016,0,0
maharashtra__bhandara,Maharashtra,2016,1,0
karnataka__dharwad,Karnataka,2021,1,0
kerala__thrissur,Kerala,2010,3,0
maharashtra__solapur,Maharashtra,2010,0,0
karnataka__belgaum,Karnataka,2010,2,0
maharashtra__solapur,Maharashtra,2008,1,0
assam__kamrup,Assam,2015,7,0
kerala__palakkad,Kerala,2015,6,0
maharashtra__solapur,Maharashtra,2005,1,0
kerala__thrissur,Kerala,2014,3,0
karnataka__chikmagalur,Karnataka,2005,0,0
kerala__idukki,Kerala,2005,1,0
kerala__kozhikode,Kerala,2005,3,0
karnataka__yadgir,Karnataka,2005,0,0
maharashtra__buldana,Maharashtra,2005,0,0
karnataka__bidar,Karnataka,2022,1,0
karnataka__chitradurga,Karnataka,2022,0,0
kerala__alappuzha,Kerala,2022,2,0
maharashtra__garhchiroli,Maharashtra,2022,12,0
maharashtra__jalgaon,Maharashtra,2022,2,0
maharashtra__jalna,Maharashtra,2022,1,0
maharashtra__sindhudurg,Maharashtra,2022,4,0
assam__jorhat,Assam,2008,3,0
karnataka__dakshina_kannada,Karnataka,2008,1,0
kerala__kottayam,Kerala,2008,4,0
kerala__kozhikode,Kerala,2008,2,0
maharashtra__nanded,Maharashtra,2008,1,0
assam__hailakandi,Assam,2015,2,0
assam__sivasagar,Assam,2015,6,0
maharashtra__mumbai,Maharashtra,2015,2,0
maharashtra__nanded,Maharashtra,2015,1,0
maharashtra__parbhani,Maharashtra,2015,1,0
kerala__alappuzha,Kerala,2004,1,0
kerala__kottayam,Kerala,2004,0,15
maharashtra__nanded,Maharashtra,2004,1,0
assam__chirang,Assam,2019,1,223
karnataka__tumkur,Karnataka,2019,0,0
karnataka__yadgir,Karnataka,2019,0,93
maharashtra__parbhani,Maharashtra,2019,0,0
karnataka__bijapur,Karnataka,2023,2,0
karnataka__mandya,Karnataka,2023,1,0
karnataka__ramanagara,Karnataka,2023,1,0
kerala__alappuzha,Kerala,2023,1,0
kerala__kottayam,Kerala,2023,1,0
maharashtra__mumbai_suburban,Maharashtra,2023,3,0
maharashtra__buldana,Maharashtra,2023,5,0
assam__sivasagar,Assam,2013,5,0
kerala__kozhikode,Kerala,2013,1,0
maharashtra__jalgaon,Maharashtra,2013,3,0
maharashtra__jalna,Maharashtra,2013,0,0
maharashtra__mumbai_suburban,Maharashtra,2013,0,0
maharashtra__mumbai,Maharashtra,2013,1,0
maharashtra__nanded,Maharashtra,2013,1,0
assam__cachar,Assam,2009,0,0
karnataka__udupi,Karnataka,2009,2,0
maharashtra__bhandara,Maharashtra,2009,0,0
maharashtra__parbhani,Maharashtra,2009,0,0
assam__dibrugarh,Assam,2014,0,17
assam__hailakandi,Assam,2014,0,0
karnataka__chikmagalur,Karnataka,2014,1,0
kerala__alappuzha,Kerala,2014,3,0
maharashtra__ratnagiri,Maharashtra,2014,1,0
maharashtra__parbhani,Maharashtra,2014,0,0
karnataka__koppal,Karnataka,2017,0,32
maharashtra__hingoli,Maharashtra,2017,0,0
maharashtra__buldana,Maharashtra,2017,0,0
maharashtra__dhule,Maharashtra,2017,0,0
maharashtra__nanded,Maharashtra,2017,1,0
assam__hailakandi,Assam,2018,0,16
karnataka__bangalore,Karnataka,2018,2,0
karnataka__dakshina_kannada,Karnataka,2018,0,303
karnataka__mandya,Karnataka,2018,0,0
maharashtra__garhchiroli,Maharashtra,2018,1,0
karnataka__kodagu,Karnataka,2018,1,303
karnataka__udupi,Karnataka,2018,1,226
karnataka__yadgir,Karnataka,2018,0,0
karnataka__bangalore_rural,Karnataka,2000,6,0
karnataka__chikmagalur,Karnataka,2000,1,0
karnataka__koppal,Karnataka,2000,0,0
maharashtra__bid,Maharashtra,2000,1,0
maharashtra__ratnagiri,Maharashtra,2000,2,0
maharashtra__mumbai,Maharashtra,2000,2,0
karnataka__bangalore_rural,Karnataka,2006,0,0
karnataka__dakshina_kannada,Karnataka,2006,1,0
maharashtra__jalna,Maharashtra,2006,2,0
maharashtra__sindhudurg,Maharashtra,2006,3,0
maharashtra__buldana,Maharashtra,2006,1,0
maharashtra__dhule,Maharashtra,2006,3,0
karnataka__bijapur,Karnataka,2001,0,0
karnataka__gadag,Karnataka,2001,0,0
karnataka__mandya,Karnataka,2001,2,0
kerala__ernakulam,Kerala,2001,0,0
kerala__kollam,Kerala,2001,3,0
maharashtra__ratnagiri,Maharashtra,2001,0,0
maharashtra__mumbai,Maharashtra,2001,3,0
maharashtra__amravati,Maharashtra,2003,0,0
maharashtra__ratnagiri,Maharashtra,2003,0,0
maharashtra__buldana,Maharashtra,2003,0,0
assam__dibrugarh,Assam,2007,0,17
assam__sivasagar,Assam,2007,1,17
kerala__kollam,Kerala,2007,2,0
kerala__kozhikode,Kerala,2007,2,0
maharashtra__ratnagiri,Maharashtra,2007,1,0
karnataka__kodagu,Karnataka,2007,5,0
assam__chirang,Assam,2002,0,50
karnataka__gadag,Karnataka,2002,0,0
kerala__ernakulam,Kerala,2002,0,0
karnataka__udupi,Karnataka,2002,0,0
karnataka__bangalore,Karnataka,2011,1,0
karnataka__chikmagalur,Karnataka,2011,0,0
karnataka__ramanagara,Karnataka,2011,1,0
kerala__kollam,Kerala,2011,2,0
karnataka__yadgir,Karnataka,2011,0,0
maharashtra__nanded,Maharashtra,2011,0,0
kerala__idukki,Kerala,2016,4,0
assam__kamrup,Assam,2021,10,0
karnataka__belgaum,Karnataka,2021,2,0
maharashtra__osmanabad,Maharashtra,2010,0,0
maharashtra__thane,Maharashtra,2010,2,0
assam__kamrup,Assam,2010,1,0
karnataka__uttara_kannada,Karnataka,2008,2,0
karnataka__chamrajnagar,Karnataka,2015,0,0
karnataka__belgaum,Karnataka,2015,1,0
assam__marigaon,Assam,2005,1,21
karnataka__uttara_kannada,Karnataka,2005,2,0
karnataka__belgaum,Karnataka,2005,5,0
maharashtra__osmanabad,Maharashtra,2022,1,0
maharashtra__solapur,Maharashtra,2022,1,0
maharashtra__thane,Maharashtra,2022,10,0
karnataka__dharwad,Karnataka,2022,3,0
maharashtra__solapur,Maharashtra,2014,0,0
karnataka__dharwad,Karnataka,2014,2,0
karnataka__bangalore_rural,Karnataka,2005,0,0
karnataka__chikkaballapura,Karnataka,2005,3,0
kerala__wayanad,Kerala,2005,11,0
maharashtra__hingoli,Maharashtra,2005,1,0
karnataka__bangalore,Karnataka,2022,5,0
karnataka__dakshina_kannada,Karnataka,2022,3,0
kerala__idukki,Kerala,2022,6,0
kerala__kollam,Kerala,2022,3,0
maharashtra__mumbai_suburban,Maharashtra,2022,2,0
maharashtra__mumbai,Maharashtra,2022,5,0
karnataka__chitradurga,Karnataka,2008,1,0
kerala__kollam,Kerala,2008,2,0
maharashtra__bid,Maharashtra,2008,1,0
maharashtra__garhchiroli,Maharashtra,2008,1,0
maharashtra__bhandara,Maharashtra,2008,2,0
assam__nagaon,Assam,2015,6,0
karnataka__koppal,Karnataka,2015,0,0
karnataka__mandya,Karnataka,2015,0,0
kerala__ernakulam,Kerala,2015,7,21
maharashtra__garhchiroli,Maharashtra,2015,0,0
assam__chirang,Assam,2004,0,67
karnataka__bangalore,Karnataka,2004,4,0
karnataka__bangalore_rural,Karnataka,2004,1,0
maharashtra__jalna,Maharashtra,2004,1,0
maharashtra__buldana,Maharashtra,2004,0,0
maharashtra__dhule,Maharashtra,2004,0,0
assam__hailakandi,Assam,2019,1,0
karnataka__bangalore,Karnataka,2019,0,0
karnataka__chikkaballapura,Karnataka,2019,1,124
karnataka__koppal,Karnataka,2019,2,0
assam__jorhat,Assam,2023,12,0
kerala__idukki,Kerala,2023,0,0
maharashtra__bid,Maharashtra,2023,0,0
maharashtra__mumbai,Maharashtra,2023,5,0
karnataka__bangalore_rural,Karnataka,2013,0,0
karnataka__bijapur,Karnataka,2013,0,0
karnataka__tumkur,Karnataka,2013,0,0
maharashtra__hingoli,Maharashtra,2013,0,0
karnataka__kodagu,Karnataka,2013,2,0
karnataka__yadgir,Karnataka,2013,0,0
maharashtra__parbhani,Maharashtra,2013,0,0
assam__sivasagar,Assam,2009,1,0
karnataka__ramanagara,Karnataka,2009,0,0
maharashtra__garhchiroli,Maharashtra,2009,1,0
assam__sivasagar,Assam,2014,0,17
karnataka__chikkaballapura,Karnataka,2014,1,0
karnataka__chitradurga,Karnataka,2014,1,0
karnataka__mandya,Karnataka,2014,0,0
maharashtra__jalna,Maharashtra,2014,0,0
karnataka__kodagu,Karnataka,2014,0,0
assam__hailakandi,Assam,2017,3,179
karnataka__bangalore_rural,Karnataka,2017,0,0
karnataka__bijapur,Karnataka,2017,1,61
karnataka__dakshina_kannada,Karnataka,2017,3,0
karnataka__gadag,Karnataka,2017,5,29
maharashtra__jalgaon,Maharashtra,2017,0,0
karnataka__udupi,Karnataka,2017,0,31
maharashtra__hingoli,Maharashtra,2018,1,0
maharashtra__mumbai_suburban,Maharashtra,2018,1,0
kerala__kozhikode,Kerala,2000,1,0
karnataka__kodagu,Karnataka,2000,3,0
karnataka__chikkaballapura,Karnataka,2006,0,0
maharashtra__ratnagiri,Maharashtra,2006,2,0
karnataka__yadgir,Karnataka,2006,0,0
maharashtra__parbhani,Maharashtra,2006,1,0
assam__hailakandi,Assam,2001,1,0
karnataka__bidar,Karnataka,2001,0,0
kerala__idukki,Kerala,2001,1,0
kerala__kottayam,Kerala,2001,2,0
maharashtra__aurangabad,Maharashtra,2001,1,0
maharashtra__bhandara,Maharashtra,2001,0,0
assam__chirang,Assam,2003,0,44
assam__nagaon,Assam,2003,2,44
karnataka__ramanagara,Karnataka,2003,0,0
kerala__kottayam,Kerala,2003,2,0
maharashtra__aurangabad,Maharashtra,2003,0,0
maharashtra__jalgaon,Maharashtra,2003,1,0
maharashtra__mumbai_suburban,Maharashtra,2003,0,0
maharashtra__dhule,Maharashtra,2003,0,0
assam__cachar,Assam,2007,2,17
assam__chirang,Assam,2007,0,17
karnataka__bidar,Karnataka,2007,1,0
karnataka__chitradurga,Karnataka,2007,2,0
maharashtra__bid,Maharashtra,2007,1,0
maharashtra__dhule,Maharashtra,2007,0,0
maharashtra__mumbai,Maharashtra,2007,3,0
assam__hailakandi,Assam,2002,0,50
assam__nagaon,Assam,2002,1,50
assam__sivasagar,Assam,2002,0,50
karnataka__bidar,Karnataka,2002,0,0
kerala__kottayam,Kerala,2002,1,0
maharashtra__jalna,Maharashtra,2002,2,0
maharashtra__mumbai_suburban,Maharashtra,2002,1,0
maharashtra__mumbai,Maharashtra,2002,4,0
assam__cachar,Assam,2011,0,0
karnataka__bijapur,Karnataka,2016,0,0
karnataka__chitradurga,Karnataka,2016,0,0
kerala__ernakulam,Kerala,2016,1,0
kerala__kottayam,Kerala,2016,2,0
maharashtra__bid,Maharashtra,2016,1,0
maharashtra__jalgaon,Maharashtra,2016,1,0
maharashtra__ratnagiri,Maharashtra,2016,1,0
karnataka__chamrajnagar,Karnataka,2021,0,0
maharashtra__solapur,Maharashtra,2021,3,0
karnataka__chamrajnagar,Karnataka,2010,0,0
kerala__palakkad,Kerala,2010,2,0
maharashtra__osmanabad,Maharashtra,2008,2,0
karnataka__uttara_kannada,Karnataka,2015,2,0
maharashtra__sangli,Maharashtra,2015,0,0
assam__kamrup,Assam,2005,3,21
karnataka__dharwad,Karnataka,2005,4,0
assam__kokrajhar,Assam,2022,16,0
karnataka__uttara_kannada,Karnataka,2022,5,0
assam__kamrup,Assam,2022,40,0
maharashtra__sangli,Maharashtra,2022,1,0
karnataka__mandya,Karnataka,2005,1,0
karnataka__tumkur,Karnataka,2005,3,0
kerala__kollam,Kerala,2005,5,0
maharashtra__dhule,Maharashtra,2005,0,0
maharashtra__nanded,Maharashtra,2005,4,0
assam__dibrugarh,Assam,2022,33,0
karnataka__bangalore_rural,Karnataka,2022,0,0
karnataka__tumkur,Karnataka,2022,1,0
kerala__wayanad,Kerala,2022,3,0
maharashtra__hingoli,Maharashtra,2022,2,0
maharashtra__parbhani,Maharashtra,2022,2,0
karnataka__chikkaballapura,Karnataka,2008,1,0
karnataka__ramanagara,Karnataka,2008,0,0
kerala__alappuzha,Kerala,2008,3,0
maharashtra__aurangabad,Maharashtra,2008,0,0
karnataka__kodagu,Karnataka,2008,1,0
assam__cachar,Assam,2015,3,0
assam__chirang,Assam,2015,3,0
karnataka__bangalore,Karnataka,2015,0,0
kerala__kottayam,Kerala,2015,5,0
assam__cachar,Assam,2004,2,67
karnataka__mandya,Karnataka,2004,1,0
maharashtra__garhchiroli,Maharashtra,2004,0,0
assam__sivasagar,Assam,2019,1,221
karnataka__ramanagara,Karnataka,2019,0,0
kerala__ernakulam,Kerala,2019,6,0
kerala__wayanad,Kerala,2019,16,166
maharashtra__bhandara,Maharashtra,2019,0,295
assam__sivasagar,Assam,2023,10,0
karnataka__bangalore_rural,Karnataka,2023,2,0
karnataka__chikkaballapura,Karnataka,2023,1,0
karnataka__dakshina_kannada,Karnataka,2023,3,0
assam__cachar,Assam,2013,1,0
kerala__ernakulam,Kerala,2013,4,0
kerala__idukki,Kerala,2013,4,0
maharashtra__ratnagiri,Maharashtra,2013,1,0
maharashtra__buldana,Maharashtra,2013,2,0
assam__hailakandi,Assam,2009,0,0
assam__nagaon,Assam,2009,1,0
karnataka__bidar,Karnataka,2009,2,0
karnataka__chikkaballapura,Karnataka,2009,2,0
kerala__alappuzha,Kerala,2009,3,0
maharashtra__aurangabad,Maharashtra,2009,1,0
maharashtra__hingoli,Maharashtra,2009,0,0
maharashtra__ratnagiri,Maharashtra,2009,2,0
maharashtra__sindhudurg,Maharashtra,2009,2,0
karnataka__bijapur,Karnataka,2014,2,0
karnataka__tumkur,Karnataka,2014,2,0
kerala__ernakulam,Kerala,2014,1,0
kerala__wayanad,Kerala,2014,9,0
maharashtra__garhchiroli,Maharashtra,2014,1,0
assam__cachar,Assam,2017,4,145
karnataka__chikmagalur,Karnataka,2017,0,0
karnataka__yadgir,Karnataka,2017,2,60
assam__sivasagar,Assam,2018,1,233
karnataka__chitradurga,Karnataka,2018,1,0
karnataka__koppal,Karnataka,2018,0,0
kerala__wayanad,Kerala,2018,2,234
maharashtra__bid,Maharashtra,2018,1,0
assam__dibrugarh,Assam,2000,1,40
assam__jorhat,Assam,2000,1,40
karnataka__bidar,Karnataka,2000,2,0
karnataka__bijapur,Karnataka,2000,1,0
kerala__kollam,Kerala,2000,2,0
karnataka__yadgir,Karnataka,2000,0,0
maharashtra__nanded,Maharashtra,2000,1,0
assam__hailakandi,Assam,2006,1,0
karnataka__gadag,Karnataka,2006,0,0
karnataka__tumkur,Karnataka,2006,0,0
kerala__alappuzha,Kerala,2006,3,0
kerala__idukki,Kerala,2006,0,0
maharashtra__amravati,Maharashtra,2006,1,0
karnataka__udupi,Karnataka,2006,1,0
assam__chirang,Assam,2001,0,0
karnataka__chitradurga,Karnataka,2001,1,0
kerala__wayanad,Kerala,2001,1,0
maharashtra__bid,Maharashtra,2001,1,0
maharashtra__jalna,Maharashtra,2001,0,0
assam__cachar,Assam,2003,0,44
karnataka__bangalore,Karnataka,2003,4,0
karnataka__tumkur,Karnataka,2003,1,0
maharashtra__parbhani,Maharashtra,2003,0,0
karnataka__bangalore,Karnataka,2007,4,0
karnataka__bangalore_rural,Karnataka,2007,1,0
karnataka__koppal,Karnataka,2007,3,0
kerala__ernakulam,Kerala,2007,2,0
maharashtra__buldana,Maharashtra,2007,0,0
maharashtra__parbhani,Maharashtra,2007,1,0
karnataka__dakshina_kannada,Karnataka,2002,1,0
kerala__kozhikode,Kerala,2002,3,0
maharashtra__amravati,Maharashtra,2002,3,0
maharashtra__jalgaon,Maharashtra,2002,3,0
maharashtra__dhule,Maharashtra,2002,2,0
assam__chirang,Assam,2011,0,0
assam__dibrugarh,Assam,2011,0,0
assam__jorhat,Assam,2011,5,0
assam__sivasagar,Assam,2011,0,0
karnataka__chitradurga,Karnataka,2011,0,0
karnataka__koppal,Karnataka,2011,0,0
kerala__ernakulam,Kerala,2011,1,0
maharashtra__sindhudurg,Maharashtra,2011,3,0
maharashtra__bhandara,Maharashtra,2011,0,0
karnataka__chikkaballapura,Karnataka,2016,0,0
maharashtra__buldana,Maharashtra,2016,0,0
maharashtra__mumbai,Maharashtra,2016,5,0
assam__marigaon,Assam,2021,10,0
maharashtra__thane,Maharashtra,2021,5,0
maharashtra__sangli,Maharashtra,2021,4,0
assam__kokrajhar,Assam,2008,0,0
maharashtra__thane,Maharashtra,2008,2,0
karnataka__belgaum,Karnataka,2008,3,0
maharashtra__sangli,Maharashtra,2008,0,0
assam__kokrajhar,Assam,2005,0,21
maharashtra__sangli,Maharashtra,2005,0,0
assam__marigaon,Assam,2022,46,0
karnataka__chamrajnagar,Karnataka,2022,1,0
assam__marigaon,Assam,2014,1,17
karnataka__chamrajnagar,Karnataka,2014,2,0
karnataka__uttara_kannada,Karnataka,2014,2,0
maharashtra__osmanabad,Maharashtra,2014,0,0
maharashtra__thane,Maharashtra,2014,0,0
assam__hailakandi,Assam,2005,0,0
assam__nagaon,Assam,2005,2,0
karnataka__bangalore,Karnataka,2005,9,0
maharashtra__aurangabad,Maharashtra,2005,2,0
maharashtra__jalna,Maharashtra,2005,2,0
assam__jorhat,Assam,2022,29,0
kerala__kozhikode,Kerala,2022,2,0
maharashtra__aurangabad,Maharashtra,2022,3,0
maharashtra__bhandara,Maharashtra,2022,3,0
assam__hailakandi,Assam,2008,0,0
karnataka__tumkur,Karnataka,2008,0,0
kerala__ernakulam,Kerala,2008,1,0
kerala__wayanad,Kerala,2008,5,0
maharashtra__mumbai_suburban,Maharashtra,2008,0,0
maharashtra__dhule,Maharashtra,2008,1,0
karnataka__chikmagalur,Karnataka,2015,1,0
kerala__wayanad,Kerala,2015,5,0
maharashtra__mumbai_suburban,Maharashtra,2015,1,0
karnataka__kodagu,Karnataka,2015,2,0
karnataka__chitradurga,Karnataka,2004,0,0
karnataka__koppal,Karnataka,2004,0,0
karnataka__ramanagara,Karnataka,2004,0,0
karnataka__tumkur,Karnataka,2004,0,0
maharashtra__hingoli,Maharashtra,2004,1,0
karnataka__kodagu,Karnataka,2004,2,0
maharashtra__bhandara,Maharashtra,2004,0,0
assam__cachar,Assam,2019,1,0
assam__dibrugarh,Assam,2019,1,223
assam__nagaon,Assam,2019,1,221
karnataka__bidar,Karnataka,2019,0,0
kerala__kottayam,Kerala,2019,4,0
maharashtra__bid,Maharashtra,2019,0,0
maharashtra__garhchiroli,Maharashtra,2019,1,294
karnataka__udupi,Karnataka,2019,2,92
maharashtra__dhule,Maharashtra,2019,0,0
karnataka__koppal,Karnataka,2023,1,0
kerala__ernakulam,Kerala,2023,0,0
kerala__kollam,Kerala,2023,0,0
karnataka__kodagu,Karnataka,2023,1,0
maharashtra__dhule,Maharashtra,2023,0,0
karnataka__bangalore,Karnataka,2013,1,0
karnataka__chitradurga,Karnataka,2013,0,0
karnataka__dakshina_kannada,Karnataka,2013,2,0
kerala__kottayam,Kerala,2013,1,0
maharashtra__garhchiroli,Maharashtra,2013,0,0
maharashtra__sindhudurg,Maharashtra,2013,0,0
karnataka__bijapur,Karnataka,2009,1,0
karnataka__dakshina_kannada,Karnataka,2009,2,0
karnataka__gadag,Karnataka,2009,2,0
karnataka__yadgir,Karnataka,2009,2,0
maharashtra__buldana,Maharashtra,2009,0,0
karnataka__bangalore,Karnataka,2014,2,0
karnataka__gadag,Karnataka,2014,4,0
kerala__idukki,Kerala,2014,1,0
maharashtra__bid,Maharashtra,2014,0,0
maharashtra__mumbai_suburban,Maharashtra,2014,0,0
maharashtra__sindhudurg,Maharashtra,2014,0,0
maharashtra__bhandara,Maharashtra,2014,1,0
maharashtra__dhule,Maharashtra,2014,0,0
assam__dibrugarh,Assam,2017,4,0
assam__nagaon,Assam,2017,3,294
karnataka__bidar,Karnataka,2017,2,31
kerala__kottayam,Kerala,2017,2,0
kerala__kozhikode,Kerala,2017,1,92
maharashtra__aurangabad,Maharashtra,2017,0,0
maharashtra__garhchiroli,Maharashtra,2017,1,0
assam__cachar,Assam,2018,0,16
assam__jorhat,Assam,2018,0,265
assam__nagaon,Assam,2018,0,16
maharashtra__sindhudurg,Maharashtra,2018,1,0
maharashtra__dhule,Maharashtra,2018,0,0
karnataka__chikkaballapura,Karnataka,2000,3,0
karnataka__chitradurga,Karnataka,2000,2,0
karnataka__dakshina_kannada,Karnataka,2000,4,0
karnataka__ramanagara,Karnataka,2000,0,0
kerala__wayanad,Kerala,2000,1,0
maharashtra__mumbai_suburban,Maharashtra,2000,2,0
maharashtra__sindhudurg,Maharashtra,2000,1,0
karnataka__chikmagalur,Karnataka,2006,0,0
karnataka__chitradurga,Karnataka,2006,0,0
kerala__ernakulam,Kerala,2006,1,0
karnataka__kodagu,Karnataka,2006,0,0
maharashtra__bhandara,Maharashtra,2006,0,0
karnataka__chikmagalur,Karnataka,2001,0,0
maharashtra__amravati,Maharashtra,2001,1,0
karnataka__udupi,Karnataka,2001,0,0
karnataka__yadgir,Karnataka,2001,0,0
maharashtra__buldana,Maharashtra,2001,1,0
assam__hailakandi,Assam,2003,0,44
assam__sivasagar,Assam,2003,0,44
karnataka__bijapur,Karnataka,2003,0,0
karnataka__gadag,Karnataka,2003,0,0
karnataka__koppal,Karnataka,2003,1,0
kerala__idukki,Kerala,2003,1,0
karnataka__kodagu,Karnataka,2003,0,0
maharashtra__bhandara,Maharashtra,2003,0,0
karnataka__chikkaballapura,Karnataka,2007,1,0
karnataka__tumkur,Karnataka,2007,1,0
kerala__alappuzha,Kerala,2007,3,0
kerala__wayanad,Kerala,2007,10,0
maharashtra__garhchiroli,Maharashtra,2007,2,0
maharashtra__mumbai_suburban,Maharashtra,2007,0,0
karnataka__bangalore,Karnataka,2002,1,0
kerala__wayanad,Kerala,2002,0,0
maharashtra__aurangabad,Maharashtra,2002,2,0
maharashtra__ratnagiri,Maharashtra,2002,2,0
maharashtra__sindhudurg,Maharashtra,2002,2,0
karnataka__bidar,Karnataka,2011,0,0
kerala__alappuzha,Kerala,2011,4,0
kerala__idukki,Kerala,2011,4,0
maharashtra__jalgaon,Maharashtra,2011,1,0
assam__chirang,Assam,2016,2,0
assam__dibrugarh,Assam,2016,3,0
assam__nagaon,Assam,2016,4,0
assam__sivasagar,Assam,2016,3,0
karnataka__koppal,Karnataka,2016,0,0
kerala__kollam,Kerala,2016,2,0
kerala__kozhikode,Kerala,2016,2,0
kerala__wayanad,Kerala,2016,6,0
maharashtra__dhule,Maharashtra,2016,1,0
karnataka__uttara_kannada,Karnataka,2010,1,0
kerala__palakkad,Kerala,2008,4,0
assam__kokrajhar,Assam,2015,5,0
kerala__thrissur,Kerala,2015,7,0
maharashtra__thane,Maharashtra,2005,3,0
kerala__palakkad,Kerala,2005,1,0
karnataka__belgaum,Karnataka,2022,5,0
kerala__palakkad,Kerala,2022,2,0
karnataka__belgaum,Karnataka,2014,1,0
kerala__palakkad,Kerala,2014,1,0
maharashtra__sangli,Maharashtra,2014,1,0
assam__marigaon,Assam,2009,1,0
karnataka__chamrajnagar,Karnataka,2009,0,0
maharashtra__thane,Maharashtra,2002,2,0
karnataka__belgaum,Karnataka,2002,0,0
maharashtra__thane,Maharashtra,2019,9,0
karnataka__chamrajnagar,Karnataka,2004,0,0
assam__kokrajhar,Assam,2018,0,0
assam__kokrajhar,Assam,2003,0,44
maharashtra__solapur,Maharashtra,2003,0,0
kerala__thrissur,Kerala,2000,1,0
kerala__thrissur,Kerala,2006,2,0
karnataka__belgaum,Karnataka,2006,1,0
kerala__thrissur,Kerala,2013,1,0
maharashtra__solapur,Maharashtra,2013,0,0
assam__kamrup,Assam,2013,5,0
assam__marigaon,Assam,2011,0,0
karnataka__chamrajnagar,Karnataka,2011,0,0
maharashtra__solapur,Maharashtra,2011,0,0
assam__marigaon,Assam,2016,0,0
maharashtra__solapur,Maharashtra,2016,0,0
kerala__palakkad,Kerala,2016,0,0
kerala__thrissur,Kerala,2012,1,0
kerala__palakkad,Kerala,2012,0,0
karnataka__uttara_kannada,Karnataka,2002,0,0
maharashtra__sangli,Maharashtra,2002,1,0
assam__marigaon,Assam,2023,6,0
assam__kamrup,Assam,2023,14,0
assam__marigaon,Assam,2018,0,0
maharashtra__sangli,Maharashtra,2018,0,0
karnataka__chamrajnagar,Karnataka,2003,0,0
assam__marigaon,Assam,2000,0,21
assam__kamrup,Assam,2000,2,0
kerala__palakkad,Kerala,2000,1,0
karnataka__chamrajnagar,Karnataka,2006,0,0
maharashtra__sangli,Maharashtra,2006,2,0
maharashtra__osmanabad,Maharashtra,2013,0,0
karnataka__uttara_kannada,Karnataka,2001,2,0
maharashtra__solapur,Maharashtra,2001,1,0
kerala__palakkad,Kerala,2001,0,0
maharashtra__sangli,Maharashtra,2001,0,0
assam__marigaon,Assam,2007,0,17
assam__kamrup,Assam,2011,1,0
karnataka__chamrajnagar,Karnataka,2016,0,0
karnataka__uttara_kannada,Karnataka,2016,2,0
maharashtra__sangli,Maharashtra,2016,0,0
assam__kamrup,Assam,2012,4,0
karnataka__dharwad,Karnataka,2009,3,0
karnataka__chamrajnagar,Karnataka,2023,1,0
karnataka__belgaum,Karnataka,2023,1,0
kerala__thrissur,Kerala,2004,1,15
maharashtra__thane,Maharashtra,2004,1,0
karnataka__belgaum,Karnataka,2004,3,0
maharashtra__osmanabad,Maharashtra,2018,2,0
maharashtra__thane,Maharashtra,2018,2,0
kerala__thrissur,Kerala,2003,1,0
assam__kamrup,Assam,2017,3,179
kerala__palakkad,Kerala,2017,0,0
assam__kokrajhar,Assam,2000,1,19
maharashtra__solapur,Maharashtra,2000,0,0
maharashtra__thane,Maharashtra,2000,1,0
maharashtra__thane,Maharashtra,2001,1,0
assam__kamrup,Assam,2001,3,24
karnataka__dharwad,Karnataka,2001,1,0
karnataka__belgaum,Karnataka,2011,1,0
assam__kokrajhar,Assam,2016,2,0
assam__kokrajhar,Assam,2012,2,0
assam__marigaon,Assam,2012,2,0
maharashtra__thane,Maharashtra,2012,1,0
karnataka__dharwad,Karnataka,2012,0,0
assam__marigaon,Assam,2002,1,50
karnataka__chamrajnagar,Karnataka,2002,0,0
maharashtra__osmanabad,Maharashtra,2002,2,0
assam__kokrajhar,Assam,2019,1,0
assam__kamrup,Assam,2019,1,221
karnataka__dharwad,Karnataka,2004,1,0
kerala__palakkad,Kerala,2004,1,15
kerala__thrissur,Kerala,2018,0,235
assam__kamrup,Assam,2018,0,0
maharashtra__thane,Maharashtra,2003,0,0
karnataka__dharwad,Karnataka,2003,0,0
maharashtra__thane,Maharashtra,2017,3,0
karnataka__belgaum,Karnataka,2017,2,0
karnataka__dharwad,Karnataka,2017,1,0
karnataka__belgaum,Karnataka,2000,0,0
maharashtra__sangli,Maharashtra,2000,0,0
kerala__thrissur,Kerala,2007,1,0
maharashtra__solapur,Maharashtra,2007,1,0
assam__kamrup,Assam,2007,3,17
karnataka__dharwad,Karnataka,2007,2,0
assam__kokrajhar,Assam,2011,0,0
karnataka__belgaum,Karnataka,2012,0,0
karnataka__uttara_kannada,Karnataka,2009,1,0
assam__kamrup,Assam,2009,0,0
maharashtra__sangli,Maharashtra,2009,2,0
maharashtra__solapur,Maharashtra,2002,1,0
assam__marigaon,Assam,2019,1,221
karnataka__chamrajnagar,Karnataka,2019,1,0
karnataka__belgaum,Karnataka,2019,2,181
karnataka__dharwad,Karnataka,2019,2,93
karnataka__dharwad,Karnataka,2023,1,0
kerala__palakkad,Kerala,2023,0,0
maharashtra__sangli,Maharashtra,2023,1,0
assam__kamrup,Assam,2004,1,67
karnataka__belgaum,Karnataka,2018,2,0
karnataka__dharwad,Karnataka,2018,1,32
karnataka__belgaum,Karnataka,2003,0,0
karnataka__chamrajnagar,Karnataka,2000,0,0
karnataka__uttara_kannada,Karnataka,2006,2,0
maharashtra__solapur,Maharashtra,2006,1,0
karnataka__dharwad,Karnataka,2006,1,0
karnataka__chamrajnagar,Karnataka,2013,0,0
maharashtra__osmanabad,Maharashtra,2001,0,0
karnataka__chamrajnagar,Karnataka,2007,1,0
maharashtra__osmanabad,Maharashtra,2007,1,0
kerala__palakkad,Kerala,2007,1,0
maharashtra__thane,Maharashtra,2011,1,0
maharashtra__thane,Maharashtra,2016,2,0
maharashtra__solapur,Maharashtra,2012,0,0
kerala__thrissur,Kerala,2009,3,0
maharashtra__thane,Maharashtra,2009,0,0
assam__kamrup,Assam,2002,1,50
karnataka__uttara_kannada,Karnataka,2019,3,90
karnataka__uttara_kannada,Karnataka,2023,1,0
kerala__thrissur,Kerala,2023,1,0
maharashtra__solapur,Maharashtra,2023,1,0
maharashtra__osmanabad,Maharashtra,2004,1,0
kerala__palakkad,Kerala,2018,0,235
assam__marigaon,Assam,2003,1,44
maharashtra__sangli,Maharashtra,2003,1,0
karnataka__uttara_kannada,Karnataka,2017,1,31
karnataka__dharwad,Karnataka,2000,1,0
assam__kokrajhar,Assam,2006,0,0
maharashtra__thane,Maharashtra,2006,2,0
assam__kamrup,Assam,2006,1,0
kerala__palakkad,Kerala,2006,2,0
karnataka__dharwad,Karnataka,2013,0,0
maharashtra__sangli,Maharashtra,2013,0,0
maharashtra__sangli,Maharashtra,2011,0,0
kerala__thrissur,Kerala,2016,1,0
assam__kamrup,Assam,2016,2,0
maharashtra__osmanabad,Maharashtra,2012,0,0
assam__kokrajhar,Assam,2009,0,0
maharashtra__solapur,Maharashtra,2009,1,0
karnataka__belgaum,Karnataka,2009,2,0
kerala__palakkad,Kerala,2009,1,0
assam__kokrajhar,Assam,2002,0,50
karnataka__dharwad,Karnataka,2002,0,0
kerala__thrissur,Kerala,2019,5,0
maharashtra__osmanabad,Maharashtra,2019,0,0
kerala__palakkad,Kerala,2019,4,0
assam__marigaon,Assam,2004,0,67
karnataka__chamrajnagar,Karnataka,2018,0,0
maharashtra__solapur,Maharashtra,2018,0,0
karnataka__uttara_kannada,Karnataka,2003,1,0
maharashtra__osmanabad,Maharashtra,2003,0,0
assam__kamrup,Assam,2003,4,44
kerala__palakkad,Kerala,2003,2,0
karnataka__chamrajnagar,Karnataka,2017,1,0
maharashtra__osmanabad,Maharashtra,2017,1,0
maharashtra__solapur,Maharashtra,2017,0,0
karnataka__uttara_kannada,Karnataka,2000,5,0
assam__marigaon,Assam,2006,0,0
maharashtra__osmanabad,Maharashtra,2006,1,0
karnataka__uttara_kannada,Karnataka,2013,1,0
maharashtra__thane,Maharashtra,2013,1,0
kerala__palakkad,Kerala,2013,1,0
assam__marigaon,Assam,2001,2,0
karnataka__belgaum,Karnataka,2001,0,0
kerala__thrissur,Kerala,2011,4,0
maharashtra__osmanabad,Maharashtra,2011,0,0
karnataka__dharwad,Karnataka,2011,0,0
maharashtra__osmanabad,Maharashtra,2016,1,0
karnataka__uttara_kannada,Karnataka,2012,0,0
maharashtra__osmanabad,Maharashtra,2009,0,0
kerala__thrissur,Kerala,2002,1,0
kerala__palakkad,Kerala,2002,1,0
maharashtra__solapur,Maharashtra,2019,2,0
maharashtra__sangli,Maharashtra,2019,0,32
assam__kokrajhar,Assam,2023,5,0
maharashtra__osmanabad,Maharashtra,2023,0,0
maharashtra__thane,Maharashtra,2023,6,0
assam__kokrajhar,Assam,2004,0,67
karnataka__uttara_kannada,Karnataka,2004,1,0
maharashtra__solapur,Maharashtra,2004,0,0
maharashtra__sangli,Maharashtra,2004,0,0
karnataka__uttara_kannada,Karnataka,2018,2,302
assam__kokrajhar,Assam,2017,2,182
assam__marigaon,Assam,2017,0,124
kerala__thrissur,Kerala,2017,1,0
maharashtra__sangli,Maharashtra,2017,1,0
maharashtra__osmanabad,Maharashtra,2000,1,0
assam__kokrajhar,Assam,2013,1,0
assam__marigaon,Assam,2013,3,0
karnataka__belgaum,Karnataka,2013,2,0
assam__kokrajhar,Assam,2001,0,0
karnataka__chamrajnagar,Karnataka,2001,0,0
kerala__thrissur,Kerala,2001,1,0
assam__kokrajhar,Assam,2007,0,17
karnataka__uttara_kannada,Karnataka,2007,2,0
maharashtra__thane,Maharashtra,2007,2,0
karnataka__belgaum,Karnataka,2007,5,0
maharashtra__sangli,Maharashtra,2007,0,0
karnataka__uttara_kannada,Karnataka,2011,0,0
kerala__palakkad,Kerala,2011,1,0
karnataka__belgaum,Karnataka,2016,3,0
karnataka__dharwad,Karnataka,2016,0,0
karnataka__chamrajnagar,Karnataka,2012,0,0
maharashtra__sangli,Maharashtra,2012,0,0
