state,month,onsets
Assam,2,29
Maharashtra,10,108
Kerala,3,43
Maharashtra,4,45
Assam,6,668
Kerala,4,75
Maharashtra,6,135
Maharashtra,3,48
Kerala,8,100
Kerala,9,68
Assam,3,3
Karnataka,11,6
Maharashtra,5,35
Assam,9,288
Karnataka,2,2
Maharashtra,2,35
Assam,11,0
Assam,1,0
Assam,10,71
Karnataka,3,10
Kerala,11,70
Maharashtra,11,19
Maharashtra,1,32
Karnataka,4,20
Kerala,1,2
Kerala,2,2
Kerala,5,74
Assam,4,17
Assam,7,399
Karnataka,1,8
Karnataka,9,104
Karnataka,5,49
Kerala,10,144
Kerala,6,158
Maharashtra,8,239
Karnataka,8,128
Maharashtra,12,19
Assam,8,234
Karnataka,7,165
Kerala,7,157
Maharashtra,7,321
Karnataka,10,104
Karnataka,12,7
Assam,12,0
Assam,5,330
Maharashtra,9,204
Karnataka,6,79
Kerala,12,15
