district_id,state,river_tier,corr_lag0,corr_lag1,corr_lag2,corr_lag3,corr_lag4
assam__cachar,Assam,major,-0.05080640103157682,-0.03532786453626286,-0.022466206819463055,-0.01862912820262694,-0.010666095299987587
assam__chirang,Assam,minor,0.38578470584630187,0.40492488736446597,0.37762166492172533,0.3375571641614903,0.2887985995523349
assam__dibrugarh,Assam,major,0.2144663686786301,0.22568475918803685,0.2107438043583275,0.1891912467275302,0.17102618691349308
assam__hailakandi,Assam,minor,-0.010735519852336763,0.0019220761015552503,0.009089909206885955,0.0157986535183592,0.022217046695580257
assam__jorhat,Assam,minor,0.22043222632210313,0.21387630270198593,0.20045809035169793,0.18775141120860422,0.18271403654182267
assam__nagaon,Assam,major,0.17968890988349973,0.19411084655692346,0.18140826358618778,0.16396557266847273,0.14075784169639283
assam__sivasagar,Assam,minor,0.19378802961902986,0.20118900023375674,0.20029334208990035,0.19166199704015313,0.18726486886709148
karnataka__bangalore,Karnataka,minor,0.4791449528241467,0.4263745144370378,0.36287322549882617,0.30756265353241974,0.267358057980929
karnataka__dakshina_kannada,Karnataka,major,0.4931203095314855,0.5283287577593075,0.5475934589926901,0.5535437926199016,0.5605823879067711
karnataka__kodagu,Karnataka,minor,0.5046861534591256,0.507014630801025,0.48019538138647083,0.45173092801318476,0.4188738547455612
karnataka__udupi,Karnataka,major,0.4406160488561002,0.48215085728708257,0.5073519713103111,0.524375040311602,0.5431553061585094
karnataka__yadgir,Karnataka,major,0.08671876707710398,0.1042376364240151,0.12228729921383642,0.14094687657517155,0.16167120077762423
kerala__alappuzha,Kerala,minor,0.42917369546059797,0.45953474945237555,0.4541576926884351,0.43935127379061073,0.4198369134250051
kerala__ernakulam,Kerala,minor,0.3682438749235213,0.41646196829220206,0.43809536142081223,0.4414379106698484,0.44254556681564133
kerala__idukki,Kerala,minor,0.33378469641367525,0.38588193612706473,0.41191808849420203,0.41828628501888915,0.4183441014276008
kerala__kollam,Kerala,minor,0.28948870961266576,0.34723852617884965,0.37088802502880575,0.37835529258159045,0.3750402589719544
kerala__kottayam,Kerala,minor,0.3713411120218449,0.4257511251281421,0.45196036425758745,0.46321650302427037,0.46349801851163797
kerala__kozhikode,Kerala,minor,0.5045126392114163,0.5533877971912383,0.572386143098178,0.5704526853701124,0.5651702459319976
kerala__wayanad,Kerala,minor,0.3180126267134927,0.34759064416660546,0.3536796320579826,0.34965314653497154,0.346176327851187
maharashtra__ratnagiri,Maharashtra,major,0.6029015688933782,0.6536930389356285,0.6698487331873023,0.6716937475384637,0.6674255935323911
maharashtra__sindhudurg,Maharashtra,minor,0.6258876556266166,0.6713793292896683,0.6843810357993825,0.6833337533889413,0.6765687933299201
assam__baksa,Assam,major,0.34246558625891715,0.34391101521465817,0.3171395124392276,0.287180005275361,0.2520136711200716
assam__barpeta,Assam,major,0.3697507659332806,0.3812284199763645,0.3507813838133832,0.3135277770880017,0.2711073451147695
assam__dhemaji,Assam,minor,0.30962342957962385,0.32566890164497664,0.3112990907662763,0.29274355832497834,0.2694190128726776
assam__dhubri,Assam,major,0.28717421002119264,0.3167413713833955,0.30660563971005333,0.2765664522640352,0.24038758786063374
assam__dima_hasao,Assam,minor,0.15679833056913048,0.17850590665061042,0.17005711564634082,0.16777967849666342,0.1630339761945906
assam__goalpara,Assam,major,0.30145450989086725,0.3196690336923849,0.3039425968938721,0.2754124748472008,0.23658089674821067
assam__kamrup_metropolitan,Assam,minor,0.13379623705630797,0.13019525177301974,0.11846092880197903,0.09090560746768661,0.07255652327466912
assam__karbi_anglong,Assam,minor,0.21357181539688305,0.22852449009508036,0.22449653755782442,0.21129486478176274,0.1939718556706562
assam__karimganj,Assam,major,-0.01981537755789834,-0.012841829701108249,-0.005001142835388628,0.00014724119249284447,0.0050625765124944115
assam__lakhimpur,Assam,minor,0.16794605328581955,0.20551586919719572,0.21019092907702927,0.2112608428244909,0.20171705865350956
assam__nalbari,Assam,major,0.3164854417726475,0.3221014950608184,0.3001719411874487,0.27025964219470167,0.2340282362098396
assam__sonitpur,Assam,minor,0.22367291679804416,0.24546748990279676,0.23716769646842006,0.22321595252123444,0.2103703496174932
assam__tinsukia,Assam,minor,0.2206197497963811,0.24160350710566167,0.24563305201420318,0.23171722595872246,0.21463999297772773
assam__udalguri,Assam,minor,0.2982083231652413,0.2902540329881448,0.25388042806044664,0.2242028114241059,0.20105708078000428
karnataka__mysore,Karnataka,major,0.16738799031912838,0.18399687851620344,0.18780280386596268,0.17715009474179813,0.1647045417610044
kerala__kannur,Kerala,major,0.4091661141140646,0.4508173164072357,0.47289570102147294,0.47956207539007945,0.4869840179172401
kerala__kasaragod,Kerala,major,0.42978759374405,0.4700855124716494,0.49126701393356,0.5014966871763357,0.5095565555150703
kerala__malappuram,Kerala,minor,0.4455985405876208,0.4880403089411122,0.5042584552198776,0.5045092813617182,0.5010012808646803
kerala__pathanamthitta,Kerala,minor,0.33052888903744276,0.37428647864368875,0.387822838205853,0.39246422016284616,0.38743997748239345
kerala__thiruvananthapuram,Kerala,minor,0.3370205924955267,0.4138225797388126,0.4498887178099761,0.46114525931792366,0.45755659421243294
maharashtra__kolhapur,Maharashtra,major,0.6263897949665379,0.6689166694011195,0.6722048119316,0.6540962326272652,0.632034025861199
maharashtra__nagpur,Maharashtra,minor,0.6477173180692306,0.5564602439618831,0.4649214677960083,0.4017935529019752,0.3617908963999865
maharashtra__wardha,Maharashtra,minor,0.08404857946364457,0.12450549674120727,0.15121855990706184,0.1728304362821879,0.18965617561137466
maharashtra__washim,Maharashtra,minor,0.35996498614945205,0.4318142691379538,0.4318254739529586,0.4043205204818271,0.36972718119564574
assam__bongaigaon,Assam,minor,0.37341709504612325,0.3590092619384727,0.31786749759573185,0.26902393071527697,0.22613433589656196
assam__darrang,Assam,major,0.26696069817726653,0.2653828967539201,0.22569165461803184,0.18963901913691747,0.16907649868955327
assam__kamrup,Assam,major,0.3073099865414906,0.34896889550613996,0.3596974150827651,0.3437593554943322,0.3156227330002737
assam__kokrajhar,Assam,minor,0.35280614600042653,0.3678531727156263,0.345917927801087,0.30755802436779683,0.2659080028057871
assam__marigaon,Assam,major,0.3047108496433898,0.2934240435391093,0.26365011032620933,0.2256607653840064,0.190881843432013
kerala__palakkad,Kerala,major,0.4107652158730607,0.43730352665344524,0.4362644098101417,0.4211751725452795,0.40837126475920305
kerala__thrissur,Kerala,minor,0.3376115253719482,0.371320376634303,0.37633673757570574,0.37338046338662073,0.37139083448359844
maharashtra__latur,Maharashtra,minor,0.09800064439837129,0.16079735115903754,0.20311301848633329,0.23072861967918298,0.2503230618463459
maharashtra__pune,Maharashtra,major,0.6176551347812692,0.6289693050931384,0.5655402100904531,0.4936214228914017,0.44139080742704595
maharashtra__raigarh,Maharashtra,minor,0.5075178575590392,0.5526540566062855,0.5833313281637741,0.6047279991379202,0.6220296703876632
