state,month,mean_monthly_mm
Andhra Pradesh,5,47.988138645764806
Jharkhand,1,8.345256561306336
Maharashtra,10,68.83853064200422
Meghalaya,8,542.400364616884
Nagaland,11,17.673327232893286
Odisha,7,341.2658964172484
Rajasthan,8,193.31748654949612
Tamil Nadu,3,25.990889211731023
Uttar Pradesh,8,207.4811876804577
Bihar,5,82.75792582500473
Haryana,5,28.058954746290734
Madhya Pradesh,5,11.422345539994668
Chhattisgarh,2,10.679736236993627
Jharkhand,7,295.20363380787705
Uttarakhand,7,409.77803450167437
Assam,2,26.713590634263856
Chhattisgarh,12,7.613086762807338
Jammu & Kashmir,9,85.36072383093594
Meghalaya,6,814.803119378387
Jammu & Kashmir,10,30.10756990875856
Gujarat,1,0.9187256017632764
Jammu & Kashmir,5,68.5677582541783
Maharashtra,4,7.879628515251977
Rajasthan,5,15.061869023109734
West Bengal,10,138.7495989979236
Uttarakhand,8,373.492120208666
Puducherry,12,102.08991121887811
Kerala,3,49.138532041121486
Arunanchal Pradesh,3,112.31655829627881
Meghalaya,7,727.5686687775051
Haryana,2,20.74035570763012
Jammu & Kashmir,2,122.95585002434903
Chandigarh,8,252.07701419930285
Nagaland,12,9.648994673439773
Mizoram,3,51.96062925178478
Manipur,11,21.069011255356727
Jammu & Kashmir,8,138.85635889910333
Puducherry,3,21.758090464010213
Nagaland,1,14.738293030376857
NCT of Delhi,4,7.182786729984434
NCT of Delhi,8,145.44129905794506
Sikkim,10,153.6659603380852
NCT of Delhi,2,16.019615815883434
Daman & Diu,6,282.7469864930026
Arunanchal Pradesh,7,474.9331048316379
Dadara & Nagar Havelli,4,0.3524253461509943
Tripura,11,26.386491208369588
Goa,9,437.6091594528666
Goa,4,15.06801980550194
Goa,2,1.6079284290058744
Goa,3,9.656423570206647
Goa,12,7.669949320351911
Assam,6,413.6984392326055
Odisha,8,358.39112344035846
Tamil Nadu,6,62.62599786371864
Bihar,10,69.0414987437514
Dadara & Nagar Havelli,2,0.3267565568288167
Himachal Pradesh,1,69.54495532462907
Kerala,8,419.52496023117385
Odisha,2,12.097000410807974
Odisha,9,270.16203567193634
Uttar Pradesh,10,31.168718668153037
Maharashtra,6,231.58568775732635
Bihar,7,312.78374479312845
Maharashtra,3,10.149656711002466
Gujarat,5,5.650874002820568
Uttar Pradesh,9,148.99565600009893
Chhattisgarh,4,17.59814895314455
Madhya Pradesh,3,9.619417750195174
West Bengal,12,7.668430082210007
Uttarakhand,6,178.5985509246493
Arunanchal Pradesh,12,11.599610975035427
Jharkhand,5,75.89005927243723
Daman & Diu,10,22.558397566433996
Haryana,6,65.70813912219417
Chandigarh,5,37.22755187431661
Nagaland,10,115.69920002449203
Manipur,3,48.15103180614192
Kerala,4,118.09508315977217
Uttarakhand,10,36.40530109043836
Kerala,9,277.8581897922378
Himachal Pradesh,8,271.7823805001278
Chandigarh,1,42.55624610806505
Nagaland,3,58.16541813965651
Sikkim,11,17.984499650321336
Tripura,8,365.4969822653398
Chandigarh,7,302.999665514566
Goa,8,955.7584165105267
Chhattisgarh,9,228.24799877653106
Chhattisgarh,1,11.62608259876836
Gujarat,7,352.93250604209385
Jharkhand,2,13.991139934160676
Uttar Pradesh,3,10.530659991502153
Assam,3,68.08712271889763
Jharkhand,10,95.46243811132454
Karnataka,11,46.09486219812509
Punjab,2,28.674704414785833
Uttar Pradesh,7,247.29788561682008
Manipur,7,259.1168551469963
Uttarakhand,11,5.388774072303627
Gujarat,6,134.47494068660853
Nagaland,6,276.4730178090471
Uttarakhand,9,198.7245469446957
Chhattisgarh,10,60.55764006520386
Mizoram,5,238.47840995989705
Tamil Nadu,10,171.22054428244797
Uttar Pradesh,4,6.9130440145475625
Andhra Pradesh,10,131.16676918313047
Chhattisgarh,7,360.7161664507522
Gujarat,2,0.32194602124503685
Punjab,7,187.67519302063684
West Bengal,4,65.64591439882996
Chhattisgarh,3,13.87233492658387
Rajasthan,7,200.0777980616291
Himachal Pradesh,6,123.96235702489786
Manipur,1,10.79905749719493
Tamil Nadu,2,16.225077531365017
Arunanchal Pradesh,10,129.17833858108372
Assam,9,257.5526475225621
Maharashtra,5,17.84290757915266
Mizoram,7,376.77013512070374
Puducherry,11,240.55380952591076
Sikkim,8,496.80133331965635
West Bengal,7,402.04674675285963
Daman & Diu,9,255.44305635565738
Jharkhand,4,24.52656022361077
Nagaland,5,191.39269345681262
West Bengal,2,16.669960349036725
Haryana,10,10.472678121432269
Sikkim,1,18.153503532957984
Chandigarh,11,8.316509752844771
Nagaland,7,345.73538855132597
Dadara & Nagar Havelli,10,56.63505572515229
Haryana,1,19.433534373108788
Mizoram,10,157.77347697667616
Nagaland,8,295.1392994511513
Chandigarh,4,21.34487322003891
Mizoram,4,143.28305525799848
NCT of Delhi,6,51.414362633618076
Chandigarh,9,151.7511578934888
Sikkim,5,328.30511035873565
Chandigarh,6,132.07778129105768
Daman & Diu,11,9.9727250225842
Chandigarh,10,16.83319762364651
Daman & Diu,4,0.23288448015227914
Goa,10,175.9683061812215
NCT of Delhi,5,29.496063747046584
Puducherry,7,287.65300415159436
Puducherry,10,226.59624804055784
Puducherry,9,185.17638047264577
Goa,7,1408.575705846694
Punjab,9,100.71964165769651
Odisha,6,199.78436169460014
Andhra Pradesh,6,122.04532450454762
Arunanchal Pradesh,4,239.534176851805
Bihar,12,2.6294873232289997
Chhattisgarh,6,188.83746693251229
Madhya Pradesh,12,4.272253925720696
Odisha,4,34.49221282826052
Rajasthan,9,87.0207869245847
Uttarakhand,12,12.119572258139183
Andhra Pradesh,12,21.871997842364408
Gujarat,8,281.0712916339142
Himachal Pradesh,5,54.299177198125726
Jharkhand,12,6.4101159714894
Tamil Nadu,4,48.556081990288014
Uttar Pradesh,5,25.541826188249757
Haryana,12,4.475186402085364
Jharkhand,8,270.9631916398041
Karnataka,2,4.041288606118909
Maharashtra,2,3.077412906368612
Rajasthan,10,11.009562291453129
Tamil Nadu,9,111.16614081846859
Meghalaya,5,443.2946090221726
Tripura,9,283.09517208639585
Uttarakhand,1,43.0683147154686
Jammu & Kashmir,7,153.48396570653236
NCT of Delhi,1,15.270240599841431
NCT of Delhi,7,161.35606620954005
Puducherry,5,98.02741417661309
NCT of Delhi,10,14.130009612447962
Jammu & Kashmir,3,116.3893593515298
Sikkim,6,538.2331981732021
Manipur,4,132.99104127956255
Arunanchal Pradesh,8,371.6525024408624
West Bengal,6,317.61075043054853
Arunanchal Pradesh,9,292.9315346499232
Puducherry,4,42.08740606259865
Puducherry,8,236.85812047042418
Puducherry,2,13.172669060916329
Sikkim,4,230.52784313337386
Tripura,5,339.7668569668897
Goa,11,34.9155773299798
Bihar,3,9.517811082814621
Gujarat,10,18.92665368666303
Maharashtra,1,4.261542341926468
Tamil Nadu,5,72.01440713530499
Jammu & Kashmir,11,33.3381250114443
Karnataka,3,14.90081998511552
Kerala,5,208.6437604337963
Meghalaya,11,19.492032455760867
NCT of Delhi,9,96.21344205928553
Haryana,11,2.160565234390934
Jharkhand,3,16.177740180768254
Maharashtra,11,13.931010947538761
Punjab,12,8.466199825659684
Bihar,1,7.653785338199953
Daman & Diu,5,13.28000426106155
Gujarat,11,6.045231549962721
Rajasthan,6,70.62519212402718
Assam,1,11.969629939851028
Chhattisgarh,11,7.817158380688299
Mizoram,8,388.72688987819447
Rajasthan,1,5.513229983938682
Karnataka,4,42.63071468472954
Kerala,11,164.0595707076966
Manipur,6,247.27070054242068
Tripura,4,199.7173425525576
Tripura,6,403.2716901674698
Assam,10,122.60202472473804
Kerala,1,13.239626565998746
Punjab,6,82.84514246315088
Andhra Pradesh,11,59.40607906645691
Assam,11,15.495716117483353
Gujarat,4,1.1922861324714311
Himachal Pradesh,11,13.869777869916325
Rajasthan,4,4.984883462442194
Arunanchal Pradesh,11,23.902578433580675
Tamil Nadu,11,212.594374642899
Tripura,10,173.19343699153532
Dadara & Nagar Havelli,1,0.1863992859919866
NCT of Delhi,11,1.3961050505922348
Uttarakhand,5,76.00010897201362
Puducherry,1,19.746392064805452
Mizoram,11,25.83883870735473
Sikkim,9,383.6107476109533
Manipur,9,170.14464010513035
Daman & Diu,1,0.32169732886056107
Kerala,2,17.88690344696889
Sikkim,3,117.58694144467398
Sikkim,2,42.5541099059067
Daman & Diu,8,390.3763627577573
Mizoram,1,8.740064586959003
Puducherry,6,265.25527929807623
Dadara & Nagar Havelli,7,982.8685574792325
Karnataka,8,209.33471283758522
Odisha,11,21.232524369442807
Uttar Pradesh,11,2.205353918869188
Assam,7,401.37609155777307
Bihar,8,248.5746494046493
Chhattisgarh,5,25.697713689367692
Maharashtra,8,309.9718350904621
Meghalaya,12,6.472400760100481
Bihar,11,2.1636944615921383
Madhya Pradesh,6,132.9214913200306
Maharashtra,12,3.6577587705255037
Tripura,3,63.717559709878195
Himachal Pradesh,3,75.2381345860262
Jammu & Kashmir,4,94.95813856576027
Karnataka,1,2.9375358949979824
Kerala,10,282.853194158673
Meghalaya,10,210.63949531445417
Rajasthan,12,2.239859100100006
Uttar Pradesh,1,13.486833634781199
Andhra Pradesh,4,24.379471557060665
Andhra Pradesh,8,192.44991388102883
Karnataka,5,89.72678346008858
Odisha,5,78.19733224271802
Tamil Nadu,1,20.967781778909377
Dadara & Nagar Havelli,12,5.718091017256181
Haryana,8,134.8381426958008
Madhya Pradesh,8,301.92272769550635
Manipur,5,193.80430888615209
Punjab,8,149.8600798548743
Gujarat,12,2.444295021341097
Meghalaya,2,22.988734794700576
Karnataka,9,165.8054784148841
Kerala,6,464.857435904476
West Bengal,5,165.0961548050758
Mizoram,12,16.836539814426132
Manipur,2,21.891181116710005
Meghalaya,4,295.79563830696765
Mizoram,6,367.55485598430414
Himachal Pradesh,4,50.35421358261525
Chandigarh,12,18.73068370328595
Assam,4,212.43757069637226
Dadara & Nagar Havelli,9,395.2066915842394
NCT of Delhi,3,17.069064879212185
Arunanchal Pradesh,5,275.3429154906507
Daman & Diu,7,640.4452150914198
Dadara & Nagar Havelli,6,371.9384429641844
Tripura,7,368.46925414659364
Tripura,2,17.210640805899555
Goa,1,1.513714112419014
Dadara & Nagar Havelli,11,10.813145187372962
Punjab,10,11.998484659725404
Andhra Pradesh,1,7.9623832157919825
Bihar,2,10.692514944365124
Karnataka,10,133.72283136912725
Karnataka,12,9.079264567341815
Madhya Pradesh,7,317.70776995877
Madhya Pradesh,10,30.080294648708897
Punjab,11,4.350103613258904
Tamil Nadu,8,106.75573387077539
Uttar Pradesh,6,102.92762658098802
Andhra Pradesh,2,8.37263328629585
Jharkhand,11,5.025583899356797
Madhya Pradesh,1,9.428734367203658
Tamil Nadu,7,76.46429915868409
West Bengal,3,28.383292619778334
Haryana,3,20.613412486027624
NCT of Delhi,12,4.2177976606827645
Uttar Pradesh,2,14.989507314155514
Uttarakhand,2,56.855628015466955
Jammu & Kashmir,12,38.55524962015111
Madhya Pradesh,9,169.06530116499323
Maharashtra,7,410.2567589132603
Nagaland,9,223.75935470004615
Odisha,10,134.46200795580376
Rajasthan,3,6.85918368079912
Tamil Nadu,12,95.96048921451842
Manipur,8,222.52232816561948
Karnataka,7,234.56116755699077
Nagaland,2,26.17196830775532
Assam,8,324.0635966985674
Chhattisgarh,8,358.7069368205557
Mizoram,2,16.61250216666829
Himachal Pradesh,2,76.99903929961881
Haryana,9,96.74758007639711
Andhra Pradesh,3,15.402283547339621
Mizoram,9,295.9155107193155
Himachal Pradesh,7,283.106761216581
Andhra Pradesh,7,194.17742912436202
Haryana,7,164.9593462139048
Himachal Pradesh,12,23.945147583751066
Kerala,7,518.4446118332171
Manipur,12,15.036479151257883
Tripura,12,16.492988320100668
Goa,5,74.7283144922694
Goa,6,871.3332317315322
Bihar,4,22.75582462854037
Gujarat,9,170.92808114233128
Gujarat,3,1.1241878473413476
Haryana,4,9.617249948079872
Himachal Pradesh,10,20.39967586769146
Jharkhand,9,232.55232698341186
Odisha,12,11.109129919395825
Odisha,1,10.452191528679565
Punjab,3,28.029251757303214
West Bengal,9,289.7135983662534
Jammu & Kashmir,6,77.50675592667866
Maharashtra,9,216.74074378906363
Bihar,9,209.4529031217834
Madhya Pradesh,2,9.287783277121791
Punjab,5,23.90978959963082
Rajasthan,2,5.422281164486581
Andhra Pradesh,9,176.67366657108522
Bihar,6,178.37789899439147
Madhya Pradesh,11,5.9387159391976425
Meghalaya,3,78.82254909772448
Uttar Pradesh,12,3.7042333113773096
Uttarakhand,4,43.02603149185643
West Bengal,11,11.596031268405532
Arunanchal Pradesh,2,59.54225997953378
Jharkhand,6,184.67982471168108
Rajasthan,11,4.905820800899021
West Bengal,1,8.851575513577433
Assam,12,7.462509845871589
Assam,5,282.90686217353533
Punjab,1,27.234313550068844
Karnataka,6,171.43006241743342
Uttarakhand,3,49.875492260367295
Meghalaya,1,8.153753199448275
Arunanchal Pradesh,1,27.613983986740276
Madhya Pradesh,4,4.859529020046258
Jammu & Kashmir,1,102.03761290489541
Meghalaya,9,401.02934720721566
Nagaland,4,149.28414801043937
Daman & Diu,2,0.03717217051113645
Arunanchal Pradesh,6,419.0411808292213
Daman & Diu,12,6.321231264621019
Himachal Pradesh,9,121.87587875176438
Kerala,12,43.969762764692824
Sikkim,7,629.4509402644553
West Bengal,8,334.75257349090725
Dadara & Nagar Havelli,3,1.011591795211037
Dadara & Nagar Havelli,5,8.995107506712278
Punjab,4,16.547205616742552
Manipur,10,115.35954720294858
Tripura,1,6.618815678773292
Chandigarh,3,44.34055941241483
Daman & Diu,3,1.012883151260515
Dadara & Nagar Havelli,8,707.6886653710777
Sikkim,12,8.668867987020695
Chandigarh,2,45.16887451956669
Odisha,3,18.15841987429237
