district_id,state,district,mean_annual_mm,annual_trend_mm_per_yr,monsoon_trend_mm_per_yr,trend_r,trend_significant_5pct
karnataka__chikmagalur,Karnataka,Chikmagalur,1550.0794992731744,2.640950984924955,-5.813053465749751,0.05601418380568572,False
uttar_pradesh__gonda,Uttar Pradesh,Gonda,969.8178990702618,6.5914331371669395,1.5632895685208146,0.17442645060606957,False
jharkhand__palamu,Jharkhand,Palamu,945.0826926603773,6.510591747295467,0.3531820760945193,0.2059852605107828,False
bihar__nalanda,Bihar,Nalanda,924.3808819901315,-0.6576512210490112,-6.313201380510696,-0.018588787715169613,False
meghalaya__jaintia_hills,Meghalaya,Jaintia Hills,2027.5736249657532,-5.043764191013807,-7.915616691201878,-0.08129551681282217,False
mizoram__lawangtlai,Mizoram,Lawangtlai,1567.3025887576514,121.7727342213712,94.60797674473298,0.6198994548020756,True
manipur__thoubal,Manipur,Thoubal,1465.6056429580785,-20.446818844771602,-13.676385874683495,-0.3047844813939629,False
west_bengal__bankura,West Bengal,Bankura,1407.3299610576398,1.6858775458706092,-1.4675921646651913,0.05246551561207744,False
himachal_pradesh__bilaspur,Himachal Pradesh,Bilaspur,1257.3985472185304,18.245711463521122,13.053268986095345,0.5613972019693885,True
uttar_pradesh__fatehpur,Uttar Pradesh,Fatehpur,626.7034923115806,7.404179104706467,3.4660862877193264,0.2420064992985811,False
bihar__bhojpur,Bihar,Bhojpur,947.9691960846282,-12.004216709114548,-12.792195389748898,-0.3374448828620241,False
jammu_and_kashmir__data_not_available,Jammu & Kashmir,Data Not Available,779.5818810380298,-9.670310631757191,-4.41762712730158,-0.34637464546202734,False
bihar__arwal,Bihar,Arwal,917.7038976515954,-10.39329911738964,-13.489462856230881,-0.2710985284737572,False
karnataka__bangalore,Karnataka,Bangalore,910.6251569371058,19.35798658343424,6.652636293963209,0.43633543498748284,True
west_bengal__jalpaiguri,West Bengal,Jalpaiguri,3700.2701811992915,14.285901793748463,19.483754638153076,0.23080582077137687,False
madhya_pradesh__narsimhapur,Madhya Pradesh,Narsimhapur,1116.2905669131799,11.415265042372004,10.540513353965737,0.30905614561345207,False
kerala__wayanad,Kerala,Wayanad,1520.215815748088,44.692812175993424,29.86888745764013,0.655725751538495,True
manipur__tamenglong,Manipur,Tamenglong,1474.2617634679425,-8.723013770949597,-3.3364893346064317,-0.18908759301369568,False
punjab__moga,Punjab,Moga,484.3920173476751,11.858846889257434,7.674329115495048,0.5432102538818236,True
andhra_pradesh__chittoor,Andhra Pradesh,Chittoor,1007.250669467348,14.629678262254345,8.868324004347272,0.37363128605599905,False
tamil_nadu__thiruvarur,Tamil Nadu,Thiruvarur,1364.1185348824754,15.023681440328204,7.614502555086101,0.2302993747015376,False
tamil_nadu__virudunagar,Tamil Nadu,Virudunagar,918.1156287200166,10.748291898161474,4.538086476357065,0.17552184398724682,False
chhattisgarh__dakshin_bastar_dantewada,Chhattisgarh,Dakshin Bastar Dantewada,1574.4629211451168,7.092331879498264,8.35252674156501,0.1963110202401816,False
andhra_pradesh__medak,Andhra Pradesh,Medak,883.4569485994402,13.814038569741223,11.970019265768265,0.4386873005422932,True
andhra_pradesh__adilabad,Andhra Pradesh,Adilabad,1206.0373887506755,16.484966659510217,16.335597185850702,0.3958895317597149,False
uttarakhand__almora,Uttarakhand,Almora,1291.0415154765806,-25.32138818915257,-27.72725273240621,-0.6598574265759497,True
assam__nagaon,Assam,Nagaon,1622.6095788053742,8.477987666494334,8.0497698392942,0.17321435736601426,False
tamil_nadu__krishnagiri,Tamil Nadu,Krishnagiri,828.9630013765873,15.001047819493973,6.985000975366413,0.3983348875108626,False
uttar_pradesh__sultanpur,Uttar Pradesh,Sultanpur,786.6221152078942,-5.6621440699857395,-8.306486190773393,-0.22090732433696672,False
haryana__gurgaon,Haryana,Gurgaon,608.1955451752874,11.10101931069186,7.363742534602415,0.42141104420304326,True
maharashtra__jalgaon,Maharashtra,Jalgaon,736.3583862184378,3.4880431250617714,1.269146781134682,0.1320690369360306,False
tamil_nadu__theni,Tamil Nadu,Theni,1119.3918506800917,15.42212553567834,4.474722661861479,0.18518352012917463,False
tamil_nadu__viluppuram,Tamil Nadu,Viluppuram,1046.9046419996314,17.080842938366576,11.943710986052537,0.25994584106687757,False
odisha__nayagarh,Odisha,Nayagarh,1458.5137287252257,-3.9085871932318192,-6.165428726825603,-0.1110061563100351,False
uttar_pradesh__ghazipur,Uttar Pradesh,Ghazipur,779.0416290383804,8.752060012296866,4.6088044993725115,0.3215422749237646,False
uttar_pradesh__jaunpur,Uttar Pradesh,Jaunpur,833.5047861630119,-6.88555144327727,-7.446521227121801,-0.261622014315593,False
madhya_pradesh__west_nimar,Madhya Pradesh,West Nimar,811.362949435537,9.96080205081277,9.052965107701883,0.42086084257814854,True
uttar_pradesh__hamirpur,Uttar Pradesh,Hamirpur,746.2955771474989,2.398127440227469,0.028052959628868897,0.0821227899793238,False
madhya_pradesh__vidisha,Madhya Pradesh,Vidisha,1147.6984022496308,12.944281115185214,11.57623685401595,0.323378253226742,False
uttar_pradesh__saharanpur,Uttar Pradesh,Saharanpur,1193.8004808095413,-10.194987824400137,-10.296261534336178,-0.2798033912637997,False
tamil_nadu__salem,Tamil Nadu,Salem,891.7361062842175,8.903262255736983,7.030461092176372,0.2549232233715308,False
assam__darrang,Assam,Darrang,1669.4450407237746,-13.702477712228152,-6.630488645293593,-0.25993322316332246,False
arunanchal_pradesh__west_kameng,Arunanchal Pradesh,West Kameng,2311.263448733455,-68.12661861395041,-42.17746915031999,-0.5399384621104688,True
haryana__mahendragarh,Haryana,Mahendragarh,493.5115129930006,6.824444524092424,4.6919453461054665,0.2803064166422719,False
jammu_and_kashmir__srinagar,Jammu & Kashmir,Srinagar,866.7862609995063,4.888697104174452,0.10670853561680811,0.208112207721496,False
rajasthan__dausa,Rajasthan,Dausa,623.6920218276144,9.417281001826893,6.88341419348499,0.40101261494095763,False
madhya_pradesh__umaria,Madhya Pradesh,Umaria,1051.1552584807312,7.814671409962202,4.112847516198146,0.28395280850231713,False
kerala__thiruvananthapuram,Kerala,Thiruvananthapuram,1816.6407159167184,23.77004326717164,6.595361612117941,0.40096841651720966,False
uttar_pradesh__kheri,Uttar Pradesh,Kheri,1150.560703687236,-1.2292421733202799,-5.989083450433226,-0.030445200233034403,False
jammu_and_kashmir__kargil,Jammu & Kashmir,Kargil,719.712929043692,-1.9363748823654428,5.407292262912904,-0.05546425785897369,False
uttar_pradesh__jyotiba_phule_nagar,Uttar Pradesh,Jyotiba Phule Nagar,828.1609681358483,-4.897278516518982,-9.079315256120946,-0.16590325889981736,False
uttar_pradesh__siddharth_nagar,Uttar Pradesh,Siddharth Nagar,990.5036731422102,-7.723934069219483,-11.782900454213607,-0.20302701998840697,False
karnataka__haveri,Karnataka,Haveri,821.5287112372616,7.42075819682294,0.6602589556714554,0.19407831063852485,False
madhya_pradesh__rewa,Madhya Pradesh,Rewa,980.6920254421633,-2.5367756818758,-3.9652451983665524,-0.07477260685204624,False
jharkhand__kodarma,Jharkhand,Kodarma,1025.9879938183196,-1.068901403411094,-5.920533539692498,-0.03527151720406081,False
jammu_and_kashmir__punch,Jammu & Kashmir,Punch,1107.2104043947631,9.32487233999059,5.885486093796349,0.2533047897001282,False
bihar__supaul,Bihar,Supaul,1624.7838697669922,17.68680640837587,13.788412803494687,0.32357758751910104,False
punjab__patiala,Punjab,Patiala,884.1916234620711,-6.979436515156834,-7.965094503171668,-0.23593083501006099,False
uttar_pradesh__gorakhpur,Uttar Pradesh,Gorakhpur,965.1927579321203,-8.042844390700344,-11.172073028721496,-0.2043432856896431,False
bihar__banka,Bihar,Banka,1125.0323645247165,-8.358691935810382,-10.281867520767012,-0.28994210129730363,False
jammu_and_kashmir__rajouri,Jammu & Kashmir,Rajouri,1276.0755706030438,14.894581361901862,12.717785075875087,0.3071055362688645,False
assam__dhemaji,Assam,Dhemaji,2284.51129206676,-5.556880124158923,-6.2102564306274735,-0.1175048268279401,False
himachal_pradesh__sirmaur,Himachal Pradesh,Sirmaur,1466.282331386333,9.609431645695445,2.393723116132869,0.21307292482575163,False
goa__north_goa,Goa,North Goa,4152.743101965262,-7.477268883862967,-15.267377245657114,-0.06278402570409593,False
jammu_and_kashmir__pulwama,Jammu & Kashmir,Pulwama,929.4824603626815,-3.6991748734709833,-2.5566930023613357,-0.14066288641763566,False
odisha__sundargarh,Odisha,Sundargarh,1390.8348132762012,4.8252016870278,-3.349458527527788,0.1497593495322352,False
chhattisgarh__korba,Chhattisgarh,Korba,1284.583487614567,1.8929614415578162,-0.6530948689243466,0.06150338500522595,False
maharashtra__gondiya,Maharashtra,Gondiya,1345.2336926474666,-6.5529747651358425,-7.571391221888441,-0.18019649988968492,False
himachal_pradesh__solan,Himachal Pradesh,Solan,1190.4947243433626,22.14707388790799,12.063874660435612,0.6477257328993378,True
uttar_pradesh__kanpur_dehat,Uttar Pradesh,Kanpur Dehat,535.8037062379531,-3.349943528927233,-6.172672246142646,-0.15954123722206304,False
nct_of_delhi__east,NCT of Delhi,East,534.4743368669102,0.9363412194341387,-2.6630381998356163,0.034371235005565395,False
arunanchal_pradesh__lower_dibang_valley,Arunanchal Pradesh,Lower Dibang Valley,2369.2942941051338,54.73333193449826,33.16635143529411,0.3509357304752266,False
odisha__khordha,Odisha,Khordha,1617.6294007964896,1.6393685784661685,-9.332969966177854,0.03362195582270713,False
andhra_pradesh__srikakulam,Andhra Pradesh,Srikakulam,1195.0525236305605,4.652650671156788,3.1636104466735144,0.13741113622985585,False
madhya_pradesh__dhar,Madhya Pradesh,Dhar,862.2785140707256,12.625382471760501,11.39599845011249,0.4373173662395748,True
arunanchal_pradesh__papum_pare,Arunanchal Pradesh,Papum Pare,2809.8265752558837,28.14302414100501,16.93351483904769,0.40416832874350067,True
nagaland__zunheboto,Nagaland,Zunheboto,1767.7487834373217,-18.056481923790745,-14.453174231298801,-0.4443434180321229,True
nct_of_delhi__north,NCT of Delhi,North,475.02609581445967,-5.326655482171326,-7.618344019978728,-0.18619131220034466,False
west_bengal__kolkata,West Bengal,Kolkata,1457.582801676045,-6.142420658274786,-3.0407551916388433,-0.10390895213029204,False
haryana__panipat,Haryana,Panipat,501.19844188944745,-1.4822213697984898,-1.8481437479251548,-0.09401644040084325,False
uttar_pradesh__bijnor,Uttar Pradesh,Bijnor,1054.292948274066,-2.035422950038429,-6.936694637207835,-0.063303430604389,False
tamil_nadu__namakkal,Tamil Nadu,Namakkal,776.3920433385259,12.47127652419925,8.441296502481578,0.31087949960172656,False
bihar__muzaffarpur,Bihar,Muzaffarpur,1095.112531408978,3.994673127214519,1.0153111766270149,0.08428129545619722,False
bihar__begusarai,Bihar,Begusarai,1076.0410359599628,1.7560794115113993,-1.9895912877907724,0.06495629159299478,False
maharashtra__latur,Maharashtra,Latur,847.564913992251,4.984454423059008,3.0047356770642946,0.20321553208196275,False
gujarat__the_dangs,Gujarat,The Dangs,1341.4100027441357,-9.27909451899669,-12.105950648169896,-0.16110551100488804,False
karnataka__ramanagara,Karnataka,Ramanagara,902.7023108030165,9.196279692583657,3.2667667160898355,0.2450589764778999,False
rajasthan__kota,Rajasthan,Kota,822.1035643368995,13.726908602309365,11.73849904171629,0.36621465446387247,False
bihar__bhagalpur,Bihar,Bhagalpur,1384.757464853982,-34.862149636834246,-31.474799228130653,-0.6520108146799027,True
maharashtra__sangli,Maharashtra,Sangli,725.2766260274644,10.635034800909603,6.360658834451852,0.3709535905209573,False
chhattisgarh__rajnandgaon,Chhattisgarh,Rajnandgaon,1189.967185910158,-3.098272885658954,-5.666910062441898,-0.09670904044780024,False
uttar_pradesh__lucknow,Uttar Pradesh,Lucknow,877.878257989379,-1.5735822431192004,-2.1472964209702274,-0.04945648905140576,False
uttar_pradesh__rae_bareli,Uttar Pradesh,Rae Bareli,647.7328180711278,6.591756061559732,3.671035137725886,0.23049303093159954,False
madhya_pradesh__bhopal,Madhya Pradesh,Bhopal,1121.3355933075384,20.381453313976845,18.54825884462652,0.465475212211179,True
punjab__jalandhar,Punjab,Jalandhar,672.0075365695326,5.023011498665898,1.507291539032847,0.2286341111248574,False
maharashtra__garhchiroli,Maharashtra,Garhchiroli,1484.5021364686145,4.588724982501399,4.294367242987036,0.10497477100001083,False
rajasthan__jhalawar,Rajasthan,Jhalawar,971.7435128810575,15.178934433836153,15.784274611921887,0.35579001100524604,False
rajasthan__tonk,Rajasthan,Tonk,640.3539463427936,17.2466829748254,14.990726212040677,0.6324314951156902,True
maharashtra__sindhudurg,Maharashtra,Sindhudurg,3381.2493454545206,60.48433950584793,53.095620189020444,0.4756805271141356,True
jammu_and_kashmir__udhampur,Jammu & Kashmir,Udhampur,1315.7934535260108,19.88222534807854,9.370641893666692,0.5339423958370201,True
kerala__ernakulam,Kerala,Ernakulam,3097.2949937719773,17.241348171527978,4.8276601957086696,0.17097655601482756,False
chhattisgarh__jashpur,Chhattisgarh,Jashpur,1302.185949580456,0.5409167080384142,-2.329400974004397,0.016227484768992904,False
kerala__kozhikode,Kerala,Kozhikode,2730.7346521894992,26.61150725449072,24.568037370156144,0.29486686765605774,False
himachal_pradesh__mandi,Himachal Pradesh,Mandi,1211.8352600808564,14.633761113790639,9.961124817024336,0.5365793392851783,True
uttarakhand__dehradun,Uttarakhand,Dehradun,1395.653715356486,14.756823163242354,9.252976237828479,0.39466216533364423,False
bihar__munger,Bihar,Munger,1110.8574722281967,-5.945239167504982,-7.561880900056505,-0.18725908873562697,False
uttarakhand__pithoragarh,Uttarakhand,Pithoragarh,2247.7846736263523,-31.398627265518023,-22.094169081368953,-0.2863522904742287,False
west_bengal__dakshin_dinajpur,West Bengal,Dakshin Dinajpur,1313.824548640672,-39.404638931420735,-30.464845327498505,-0.7702791341772813,True
punjab__amritsar,Punjab,Amritsar,721.5706898707431,-1.0706844984100852,-1.6757640273448264,-0.029380392898149796,False
meghalaya__east_garo_hills,Meghalaya,East Garo Hills,3143.2016368892073,22.048487024320554,18.309855099598874,0.1965834304432449,False
odisha__nuapada,Odisha,Nuapada,1290.1647956289041,-8.259828573358497,-12.402924234867452,-0.19785043871243485,False
mizoram__saiha,Mizoram,Saiha,1541.4302359322419,121.10694180604476,93.93340551386632,0.6263200215253273,True
rajasthan__ajmer,Rajasthan,Ajmer,533.0791072224905,11.459973024785091,9.398416420038242,0.5514379449767857,True
haryana__kurukshetra,Haryana,Kurukshetra,653.0201017238626,6.127766259570254,2.9197585845848777,0.22438924448108938,False
karnataka__mandya,Karnataka,Mandya,935.8104543343507,21.557110419345047,16.143382141009354,0.5288727133658356,True
rajasthan__pali,Rajasthan,Pali,549.1222281804166,14.265827188758216,12.667639009933714,0.5724585337734601,True
uttar_pradesh__pilibhit,Uttar Pradesh,Pilibhit,1055.7418174999182,-0.7973742045272301,-6.665030695739387,-0.02851531916329319,False
rajasthan__bhilwara,Rajasthan,Bhilwara,657.293885467244,10.121171534619007,7.530225807469629,0.40244488901147707,False
rajasthan__karauli,Rajasthan,Karauli,629.5015717424556,12.306652961419195,9.14150783356168,0.5129343667777116,True
maharashtra__pune,Maharashtra,Pune,1149.3015892924052,-20.630007886769658,-24.6240307728204,-0.17982975488350994,False
bihar__nawada,Bihar,Nawada,888.9465779506653,2.8061895726710135,-2.632446287166139,0.10263830575091078,False
assam__hailakandi,Assam,Hailakandi,2571.1072607248207,-25.350337189472896,-13.215686832041953,-0.3655211946654244,False
uttar_pradesh__sant_ravi_das_nagar_bhadohi,Uttar Pradesh,Sant Ravi Das Nagar(bhadohi),861.1992134870961,8.63177026684826,5.4592763695159805,0.18996039156288755,False
assam__golaghat,Assam,Golaghat,1697.4659436084157,4.884433433625664,2.3357625957853414,0.14454908436263625,False
karnataka__yadgir,Karnataka,Yadgir,688.5952747717383,11.752859073096483,11.544631329509457,0.4838951846328624,True
andhra_pradesh__mahbubnagar,Andhra Pradesh,Mahbubnagar,746.0316256383962,3.8759401740438246,4.542664468507887,0.1623854758799811,False
assam__karbi_anglong,Assam,Karbi Anglong,1341.6603641464155,-10.617936660091845,-6.875191190934242,-0.34572225537103557,False
jharkhand__pakur,Jharkhand,Pakur,1299.021382543905,-24.054090514143383,-20.727241145656873,-0.6280898636013926,True
rajasthan__chittaurgarh,Rajasthan,Chittaurgarh,830.2643851735655,15.87244759795165,11.688228954610398,0.46078627455234733,True
uttar_pradesh__varanasi,Uttar Pradesh,Varanasi,835.9022204640509,-1.1519923003368118,-5.122649831395003,-0.038302145108438,False
maharashtra__nagpur,Maharashtra,Nagpur,1129.2152461748653,6.745232318270363,5.473048029739555,0.2273342680903112,False
jammu_and_kashmir__kathua,Jammu & Kashmir,Kathua,1234.9504157740932,37.397711248989,30.93274984671133,0.8180792283719873,True
jharkhand__bokaro,Jharkhand,Bokaro,1170.050627892917,-1.5675634399075886,-6.032233137718856,-0.05212739087545482,False
haryana__jind,Haryana,Jind,460.066851459366,-0.07653512186401457,0.41325397840695366,-0.004063652473463035,False
madhya_pradesh__morena,Madhya Pradesh,Morena,644.8852754055351,8.964913421577284,5.623441542079832,0.41835165469598246,True
uttar_pradesh__banda,Uttar Pradesh,Banda,863.2738861619582,2.8131807269545095,-0.6114485392008101,0.08554009996088674,False
bihar__lakhisarai,Bihar,Lakhisarai,1036.2052876171076,-8.016511175608196,-10.89245763242628,-0.24209235785153171,False
west_bengal__north_24_parganas,West Bengal,North 24 Parganas,1566.5442313613396,0.686473151758673,3.8786081576613176,0.014539758034856652,False
andhra_pradesh__west_godavari,Andhra Pradesh,West Godavari,1162.942997130475,12.98035579211008,11.96198787827288,0.3111310021281865,False
maharashtra__ahmadnagar,Maharashtra,Ahmadnagar,690.123530235882,4.605585362467857,0.4013674187881202,0.14388830411915665,False
tamil_nadu__tiruchirappalli,Tamil Nadu,Tiruchirappalli,861.221843903134,6.796963892316916,6.132103879099045,0.11968542211860163,False
uttar_pradesh__rampur,Uttar Pradesh,Rampur,1034.0886935472274,-4.546477650800094,-11.33687760054216,-0.11344036042036247,False
odisha__gajapati,Odisha,Gajapati,1291.3756598567977,9.310984782613675,5.3505510342566405,0.29733397484385543,False
rajasthan__rajsamand,Rajasthan,Rajsamand,660.218100858575,13.94309699846193,11.028398934162862,0.5712014144040837,True
tamil_nadu__tiruppur,Tamil Nadu,Tiruppur,740.9836515008428,10.600109460882127,4.025361478195421,0.20345310945816175,False
madhya_pradesh__dindori,Madhya Pradesh,Dindori,1250.3949708907287,20.94567086305953,15.241335785787866,0.5530189038612665,True
maharashtra__kolhapur,Maharashtra,Kolhapur,1372.0238545466325,7.930640426375308,2.939961582451489,0.16444352524882008,False
uttar_pradesh__jalaun,Uttar Pradesh,Jalaun,598.1530994300089,-0.6523301696370181,-3.973266336586544,-0.021089910417583624,False
andhra_pradesh__sri_potti_sriramulu_nellore,Andhra Pradesh,Sri Potti Sriramulu Nellore,1078.9492419513092,-0.20680903693357647,1.914243701766846,-0.005205122058499587,False
odisha__jagatsinghapur,Odisha,Jagatsinghapur,1678.3895282275819,4.768116578512998,-3.525473055981642,0.08922410065796203,False
assam__lakhimpur,Assam,Lakhimpur,2233.3698597562775,12.340540508713543,7.401483457844509,0.2474247490907609,False
rajasthan__jhunjhunun,Rajasthan,Jhunjhunun,483.8893379375322,9.794514975099732,7.7850936561102495,0.49323161631841955,True
manipur__ukhrul,Manipur,Ukhrul,1297.5867827189052,0.45335252603654247,1.504911203844117,0.00793238347518634,False
jharkhand__deoghar,Jharkhand,Deoghar,1352.154718986813,-17.838872618192244,-18.445149769758302,-0.3774802053418224,False
punjab__faridkot,Punjab,Faridkot,395.15947837535185,10.87942989756363,8.294706357610297,0.5624127164337392,True
assam__goalpara,Assam,Goalpara,2328.0635196443704,2.475482955642869,9.069448940099322,0.04463497761102511,False
chhattisgarh__uttar_bastar_kanker,Chhattisgarh,Uttar Bastar Kanker,1328.0687079161141,-4.05863023874139,-6.319836644567036,-0.09721917284785864,False
jharkhand__khunti,Jharkhand,Khunti,1203.8291290267111,-10.317391144124997,-10.664125474771554,-0.27103566851554933,False
kerala__malappuram,Kerala,Malappuram,2467.500979528271,18.75118264186627,16.758958339353967,0.24253087352896266,False
uttar_pradesh__gautam_buddha_nagar,Uttar Pradesh,Gautam Buddha Nagar,472.5306677588572,-3.670106199791892,-6.9272470868573315,-0.15467232743592893,False
madhya_pradesh__shajapur,Madhya Pradesh,Shajapur,1007.7656061318627,27.851378420362487,25.74482439291586,0.5389960097856373,True
gujarat__gandhinagar,Gujarat,Gandhinagar,820.7312063505459,0.5608499841358295,-1.5339292538394522,0.014524332806109572,False
maharashtra__yavatmal,Maharashtra,Yavatmal,986.4519201275351,3.083232679631899,1.0576320453203651,0.0911842376937045,False
punjab__kapurthala,Punjab,Kapurthala,777.8461829654666,13.152696553469864,8.127302957514642,0.4122507254741232,True
himachal_pradesh__kangra,Himachal Pradesh,Kangra,1614.4453588669573,26.003855289202345,17.051446363919485,0.5403585239227929,True
nagaland__wokha,Nagaland,Wokha,1718.1646741048253,-11.668846795140134,-8.948865609571898,-0.3330617954005058,False
jammu_and_kashmir__samba,Jammu & Kashmir,Samba,1276.8119276799262,6.25537759504238,2.3775540476518477,0.1500675680806212,False
uttar_pradesh__kushinagar,Uttar Pradesh,Kushinagar,830.1691017329772,-20.43642576643931,-19.76986902595472,-0.4531134383238762,True
puducherry__mahe,Puducherry,Mahe,3339.4144673163923,24.228006606627353,26.419065548779415,0.2770710884263711,False
gujarat__ahmadabad,Gujarat,Ahmadabad,758.1368204076297,-1.7124261768454274,-3.2842275695270886,-0.050652748701149934,False
punjab__sahibzada_ajit_singh_nagar,Punjab,Sahibzada Ajit Singh Nagar,1073.4241151125946,-3.990347487064345,-4.827034349057957,-0.10494286808549408,False
arunanchal_pradesh__west_siang,Arunanchal Pradesh,West Siang,2810.9492858764424,20.71462703394679,-5.387005579448418,0.2992495799250262,False
arunanchal_pradesh__tawang,Arunanchal Pradesh,Tawang,2111.565619043618,-98.54599878420763,-65.75787034137466,-0.8110696577255093,True
assam__sonitpur,Assam,Sonitpur,2089.769041281341,11.408801748741144,6.478727685991928,0.19022471926099405,False
nct_of_delhi__north_west,NCT of Delhi,North West,660.3256833053505,9.230942702374216,6.270968144415968,0.3335475646238381,False
jammu_and_kashmir__ramban,Jammu & Kashmir,Ramban,1364.0555000778986,17.116977028673016,2.721246880804678,0.3989260769688958,False
madhya_pradesh__mandsaur,Madhya Pradesh,Mandsaur,911.5828552889913,22.61300597221031,20.42494369124327,0.47248455717681775,True
odisha__rayagada,Odisha,Rayagada,1364.9090638404796,5.054906259370247,1.5633650872211162,0.15751083021855672,False
bihar__patna,Bihar,Patna,1041.2771487159964,16.267651641851813,9.23922100379332,0.3665617691200489,False
madhya_pradesh__singrauli,Madhya Pradesh,Singrauli,969.543491737019,-1.672449375063097,-3.8863766169926097,-0.05665859254532451,False
uttar_pradesh__shahjahanpur,Uttar Pradesh,Shahjahanpur,878.3363169868195,-10.052478829011614,-12.712386865762776,-0.3506250946405926,False
uttarakhand__tehri_garhwal,Uttarakhand,Tehri Garhwal,1324.740841018416,5.45078308714882,4.238972345759826,0.1671179153567466,False
gujarat__bhavnagar,Gujarat,Bhavnagar,698.7505516651851,2.6343180136779583,-0.057412872486620824,0.08252137215528135,False
odisha__mayurbhanj,Odisha,Mayurbhanj,1603.8653928848464,1.9289252807026307,-4.004279009110186,0.049663825864130526,False
odisha__kendrapara,Odisha,Kendrapara,1626.1535267854342,-2.751456390957257,-8.91763044994318,-0.059522618739489865,False
jammu_and_kashmir__kishtwar,Jammu & Kashmir,Kishtwar,1216.6448517830802,16.95362775713712,18.784483025007326,0.4352253508908948,True
maharashtra__dhule,Maharashtra,Dhule,697.9110903432335,8.08610470085887,4.381928519407031,0.29791500801080756,False
andhra_pradesh__nalgonda,Andhra Pradesh,Nalgonda,832.7847527089162,7.047753322025307,7.032876635268938,0.25588774690374977,False
madhya_pradesh__hoshangabad,Madhya Pradesh,Hoshangabad,1311.5892955723946,29.672368896194378,27.717594348243036,0.5493769408423899,True
jharkhand__giridih,Jharkhand,Giridih,1099.5605152240812,-17.729320931211586,-19.12877485673791,-0.5004294770428777,True
nagaland__kiphire,Nagaland,Kiphire,1749.8322986185133,-22.566487720867478,-18.22364311210728,-0.5268624296661979,True
west_bengal__purba_medinipur,West Bengal,Purba Medinipur,1746.0349559405074,-3.7449618201281605,-4.41580751138987,-0.08547103229719533,False
andhra_pradesh__guntur,Andhra Pradesh,Guntur,941.111482325322,5.936253050582309,3.8028834444133803,0.1903683483227512,False
assam__chirang,Assam,Chirang,3156.0927901358714,42.307337973197,39.11605557098501,0.46854919491671326,True
dadara_and_nagar_havelli__dadra_and_nagar_haveli,Dadara & Nagar Havelli,Dadra & Nagar Haveli,2541.7409298194107,35.21754028107432,30.916253825642602,0.3918144214548557,False
maharashtra__hingoli,Maharashtra,Hingoli,836.4194577132165,-1.9783680745521308,-3.146962711647831,-0.06638018564365364,False
jharkhand__pashchimi_singhbhum,Jharkhand,Pashchimi Singhbhum,1336.4100021295937,4.64348304534068,-2.9081048861535415,0.1324562188571281,False
jharkhand__gumla,Jharkhand,Gumla,1196.6388156705848,1.3635938212200174,-1.345286262887541,0.050149246823576694,False
rajasthan__jaipur,Rajasthan,Jaipur,574.3370647502355,12.785356557319274,10.502804846347566,0.5334393199133446,True
haryana__jhajjar,Haryana,Jhajjar,494.3184311225132,10.184234860633488,7.567150128128681,0.40230644953124434,False
nct_of_delhi__south,NCT of Delhi,South,534.4743368669102,0.9363412194341394,-2.6630381998356203,0.0343712350055653,False
arunanchal_pradesh__upper_siang,Arunanchal Pradesh,Upper Siang,2775.150541007059,68.45722504005353,24.105817948211428,0.40205443789924833,False
odisha__balangir,Odisha,Balangir,1386.1200593221258,-6.8639769214016635,-10.227179310554774,-0.15187895581765684,False
andhra_pradesh__prakasam,Andhra Pradesh,Prakasam,868.7199378303277,-3.4473600867525924,-0.997677114058403,-0.11345088420110612,False
uttar_pradesh__aligarh,Uttar Pradesh,Aligarh,670.5467368258397,6.708381088854456,2.8139949983582238,0.26044664618640817,False
meghalaya__south_garo_hills,Meghalaya,South Garo Hills,5938.189711932569,78.54928593572652,45.593140167683586,0.2070898988144151,False
tamil_nadu__thiruvallur,Tamil Nadu,Thiruvallur,1229.0121863661657,31.524475470167964,15.242014739422606,0.45229157026251066,True
madhya_pradesh__gwalior,Madhya Pradesh,Gwalior,722.9852634170461,5.075257835087118,2.0318584444082344,0.25085656505498216,False
jharkhand__chatra,Jharkhand,Chatra,1104.2446272417953,-6.0921787256523805,-10.005654910976112,-0.17931102257160908,False
madhya_pradesh__chhindwara,Madhya Pradesh,Chhindwara,1159.8052289739442,17.719606671194356,17.632746026101838,0.44268673000265574,True
andhra_pradesh__east_godavari,Andhra Pradesh,East Godavari,1157.372161921877,1.0149022789449678,1.8935808472514248,0.02743803823446626,False
arunanchal_pradesh__changlang,Arunanchal Pradesh,Changlang,1983.7641619517747,12.366504483464357,5.272414820385416,0.15227880680112016,False
tripura__north_tripura,Tripura,North Tripura,2284.2139590039974,-26.775035089259468,-13.650863737157813,-0.5293845242178483,True
uttarakhand__chamoli,Uttarakhand,Chamoli,1513.4548767403082,9.6236359462131,9.768188422346645,0.23503274887674458,False
west_bengal__murshidabad,West Bengal,Murshidabad,1179.1421181537187,-22.52025198099778,-20.171481868689497,-0.5237218187147927,True
karnataka__bellary,Karnataka,Bellary,605.1008227779829,8.66975963955901,5.097541938614278,0.3708029469607162,False
gujarat__vadodara,Gujarat,Vadodara,973.6298330180442,1.3350579609477726,0.0774430899924867,0.03237520942636614,False
tamil_nadu__cuddalore,Tamil Nadu,Cuddalore,1307.3064240269096,22.054076838133813,9.903315263704114,0.3405917298941283,False
tamil_nadu__pudukkottai,Tamil Nadu,Pudukkottai,997.6359214909912,3.2433170326270626,5.744221074529575,0.05255048726118642,False
arunanchal_pradesh__lohit,Arunanchal Pradesh,Lohit,2033.8586774695748,10.927221724522019,3.6402350739733245,0.11264937382710487,False
uttar_pradesh__basti,Uttar Pradesh,Basti,1064.245709673293,-8.98790913145984,-9.305311486105799,-0.21206826606493626,False
haryana__palwal,Haryana,Palwal,494.7289125221884,2.4138937470402277,-1.4088835693011448,0.11938891824117363,False
rajasthan__ganganagar,Rajasthan,Ganganagar,255.20203845032827,7.196920190047532,4.991712038618081,0.5127871255616666,True
maharashtra__chandrapur,Maharashtra,Chandrapur,1266.0500823743328,10.209782864416951,8.88650438800919,0.24985403057963831,False
uttar_pradesh__budaun,Uttar Pradesh,Budaun,749.4329379467305,-7.057660486404581,-9.813548314920082,-0.2757711374326317,False
uttar_pradesh__lalitpur,Uttar Pradesh,Lalitpur,865.8831022144568,7.603806397793528,5.179713914263902,0.23598433166668759,False
tamil_nadu__kancheepuram,Tamil Nadu,Kancheepuram,1277.0852261163527,16.921030897821296,8.411931721576101,0.24917384213569915,False
uttar_pradesh__muzaffarnagar,Uttar Pradesh,Muzaffarnagar,828.5862993758316,4.74575130493566,-0.5607893463887905,0.16953404149143508,False
jammu_and_kashmir__kulgam,Jammu & Kashmir,Kulgam,1258.5766020723775,15.552705819027816,3.713300728912173,0.3299954931672149,False
uttar_pradesh__faizabad,Uttar Pradesh,Faizabad,899.5281154667318,-3.4423924154312098,-6.882108346921291,-0.10946007719119266,False
gujarat__jamnagar,Gujarat,Jamnagar,772.6715744137992,17.107379172207754,15.86003789536049,0.33696872245219744,False
kerala__kannur,Kerala,Kannur,3040.372359454787,5.386152244773614,2.9306916892465793,0.07112180122267796,False
assam__bongaigaon,Assam,Bongaigaon,2672.753603354213,29.67192595120508,32.51064271663255,0.39840295134553777,False
haryana__mewat,Haryana,Mewat,526.5172705062561,5.674348436740881,2.9953577151441193,0.25468570793382794,False
maharashtra__solapur,Maharashtra,Solapur,618.5635013436867,4.958162877827951,1.2765181072116225,0.21983065242944075,False
madhya_pradesh__balaghat,Madhya Pradesh,Balaghat,1207.0111742586,2.9734438359118305,-0.21617111647500165,0.07547835381090177,False
uttar_pradesh__maharajganj,Uttar Pradesh,Maharajganj,1101.3859758381539,-14.802646969328045,-16.735644608396377,-0.290565333516604,False
manipur__imphal_east,Manipur,Imphal East,1330.4401187101223,-4.891474682729942,-1.5937322988170557,-0.11742332426587913,False
rajasthan__dhaulpur,Rajasthan,Dhaulpur,642.6725629309814,8.32700022504257,5.404601287587223,0.3261483907044975,False
odisha__anugul,Odisha,Anugul,1396.8435132450695,5.693781407846343,0.6774868724965105,0.17068488601721332,False
odisha__koraput,Odisha,Koraput,1487.5279132964963,3.5371746469466085,-2.013266803154002,0.07933585334092753,False
jammu_and_kashmir__shupiyan,Jammu & Kashmir,Shupiyan,839.0752405174522,4.07666655199981,2.790789001964271,0.12981797295783568,False
uttar_pradesh__moradabad,Uttar Pradesh,Moradabad,819.8514444245438,-0.1993614174555785,-5.634859925458382,-0.005464919953638736,False
uttar_pradesh__bara_banki,Uttar Pradesh,Bara Banki,977.201497452644,14.134022141751416,8.634502352851923,0.4093594836668499,True
uttar_pradesh__balrampur,Uttar Pradesh,Balrampur,980.4852872419433,2.575637819927864,-2.0536360470469925,0.056339366286490354,False
kerala__palakkad,Kerala,Palakkad,1917.9653326807618,41.41915912344197,30.147934621701953,0.5455266459503467,True
assam__kamrup,Assam,Kamrup,1846.1266094133218,-7.668141211971485,-1.3112520494224031,-0.16528514699321173,False
puducherry__karaikal,Puducherry,Karaikal,1271.5765002048574,22.81201727633041,4.3323867436473,0.3195903521482106,False
assam__kokrajhar,Assam,Kokrajhar,3121.1683621510797,15.997794926002102,18.501588557945443,0.20534096814356398,False
maharashtra__osmanabad,Maharashtra,Osmanabad,749.9282857268576,10.040889604236476,6.144139637160616,0.36889627340692355,False
nagaland__mon,Nagaland,Mon,2047.0680222928058,-3.5230590963602153,-6.030544544865189,-0.07491953159275397,False
chhattisgarh__bijapur,Chhattisgarh,Bijapur,1568.4986288955959,8.395093711579994,7.7862537212133365,0.17674337225266515,False
madhya_pradesh__sidhi,Madhya Pradesh,Sidhi,1043.9807946818457,0.8859851571281109,-1.7863580517600541,0.026695420714589583,False
haryana__fatehabad,Haryana,Fatehabad,359.6638028936189,2.2841873906705374,2.3273582030305424,0.10133372064640078,False
andhra_pradesh__kurnool,Andhra Pradesh,Kurnool,717.5349260776953,-4.3008144825341486,-3.317992855748473,-0.18500453178254697,False
madhya_pradesh__datia,Madhya Pradesh,Datia,690.4235079291102,6.960553292209113,5.014209566862859,0.24840724619638313,False
odisha__subarnapur,Odisha,Subarnapur,1496.832000657295,-10.91460238325336,-14.606184343284731,-0.18429605300533017,False
haryana__rohtak,Haryana,Rohtak,485.7870717308121,-0.4176575602166863,-0.642211599341292,-0.019932629907389105,False
arunanchal_pradesh__kurung_kumey,Arunanchal Pradesh,Kurung Kumey,2838.315531188679,-35.12358643505973,-38.92889223890397,-0.37823247339885613,False
madhya_pradesh__sagar,Madhya Pradesh,Sagar,1082.479680492457,8.337093970924213,7.050841837444424,0.21111509922523125,False
assam__sivasagar,Assam,Sivasagar,2086.184786795509,4.416725790675777,-2.300768065812445,0.08758885583127941,False
tamil_nadu__karur,Tamil Nadu,Karur,777.3334210073389,-3.099733950525838,2.326343244966077,-0.05855642370004812,False
nagaland__dimapur,Nagaland,Dimapur,1533.3584507734824,-6.598591496821368,-5.342786061103014,-0.151148436036954,False
madhya_pradesh__shahdol,Madhya Pradesh,Shahdol,1108.7112480366752,-0.10954078247388298,-3.25621453234836,-0.0033452604977591096,False
meghalaya__west_khasi_hills,Meghalaya,West Khasi Hills,4829.826768883414,81.09080706600193,54.679148255236974,0.2938219819087853,False
tamil_nadu__kanniyakumari,Tamil Nadu,Kanniyakumari,1121.8006371069932,14.501829347979879,-1.6729577475170405,0.30887888620308507,False
punjab__hoshiarpur,Punjab,Hoshiarpur,993.1800668758307,8.1800991725955,5.788625524346266,0.2834358042196293,False
sikkim__south,Sikkim,South,3117.2071064745155,8.480839675787495,-2.8205462898398355,0.212521541895151,False
manipur__churachandpur,Manipur,Churachandpur,1727.1589313754391,-39.030327512092256,-23.700022746428342,-0.4754483417941815,True
west_bengal__koch_bihar,West Bengal,Koch Bihar,3386.846547081863,14.400035880444216,17.486061677957487,0.19383724356224585,False
bihar__jamui,Bihar,Jamui,1129.5879193887424,-12.171582555905278,-14.48415813562375,-0.36899832582062436,False
karnataka__bidar,Karnataka,Bidar,884.3913111440085,13.528565809258604,10.244900954658796,0.4418916040616,True
bihar__madhepura,Bihar,Madhepura,1309.606896063565,-8.304990875156653,-7.308566186166389,-0.19953053374299165,False
puducherry__puducherry,Puducherry,Puducherry,1186.9006257486374,31.180952161633893,13.007123228040207,0.4116129938129619,True
madhya_pradesh__chhatarpur,Madhya Pradesh,Chhatarpur,958.5514186290507,4.328118497384825,1.1876731757589896,0.11432753697123803,False
rajasthan__hanumangarh,Rajasthan,Hanumangarh,312.62200682752797,5.068144214767945,3.6116705241580416,0.29414980412309677,False
odisha__ganjam,Odisha,Ganjam,1293.7355899748156,9.2007823281248,4.227304456928424,0.2674257555481369,False
haryana__panchkula,Haryana,Panchkula,1206.8313392997952,22.405143516681388,18.935705954507903,0.4597205784562345,True
bihar__saharsa,Bihar,Saharsa,1212.2225348095074,-9.667569809680657,-8.206645094452615,-0.2070828235465168,False
maharashtra__buldana,Maharashtra,Buldana,788.5209103603248,-1.3873474767158225,-2.0848310041795326,-0.06360567951039525,False
nagaland__mokokchung,Nagaland,Mokokchung,1868.5247726923164,-10.527945214203957,-9.222586461960054,-0.25902494898285844,False
karnataka__bangalore_rural,Karnataka,Bangalore Rural,853.146405965284,15.861134430782554,8.051567288502925,0.4416289921309834,True
tamil_nadu__madurai,Tamil Nadu,Madurai,961.6131669645198,10.969502453472531,7.411016776182045,0.181783493312324,False
uttar_pradesh__etawah,Uttar Pradesh,Etawah,469.3311012465662,6.507469139142599,4.812307219597407,0.2661705547821631,False
daman_and_diu__daman,Daman & Diu,Daman,2198.561895941462,24.849690721147656,19.6854429065623,0.3214340556900619,False
madhya_pradesh__indore,Madhya Pradesh,Indore,967.9993212657631,14.986620802716107,15.666652250095643,0.43665174581530775,True
uttar_pradesh__sitapur,Uttar Pradesh,Sitapur,943.5444806161967,-14.26456625034178,-16.955414089292702,-0.3847489441146025,False
bihar__khagaria,Bihar,Khagaria,1237.7998567766044,-1.2140897722047825,-3.6484367543783827,-0.026636049618149343,False
madhya_pradesh__anuppur,Madhya Pradesh,Anuppur,1251.5264437089927,11.80048282209732,7.662977803575637,0.35145692565789455,False
jharkhand__ramgarh,Jharkhand,Ramgarh,1054.6174695352092,5.5693759507653295,1.2992165101367645,0.15918736281543136,False
tamil_nadu__the_nilgiris,Tamil Nadu,The Nilgiris,1387.523052745003,33.583301911780644,20.126405366503242,0.520184159578984,True
puducherry__yanam,Puducherry,Yanam,1158.0073067582368,10.302599525219147,8.991623032886706,0.25500890648744695,False
bihar__madhubani,Bihar,Madhubani,1259.0852205263998,2.234536491359893,0.9310743918413144,0.05448453709411315,False
bihar__sheikhpura,Bihar,Sheikhpura,922.3589260365115,-1.415972074141831,-7.833422092597689,-0.04234261809026925,False
gujarat__banas_kantha,Gujarat,Banas Kantha,660.4777335508584,10.529709256935595,8.988261341318648,0.29888931544280517,False
sikkim__east,Sikkim,East,3405.4461532562855,0.3802052796241158,-3.603438392570897,0.00991344599159116,False
uttar_pradesh__sonbhadra,Uttar Pradesh,Sonbhadra,921.6397009874839,-2.684014505461269,-5.730966550613815,-0.0789004148849727,False
odisha__jharsuguda,Odisha,Jharsuguda,1442.5620655751893,0.5915709739530032,-3.1847662931285416,0.01577537908980538,False
assam__karimganj,Assam,Karimganj,2579.7495581746916,-15.444770587072703,-5.542635852879768,-0.26109205757563797,False
madhya_pradesh__raisen,Madhya Pradesh,Raisen,1184.8461549425272,18.903069030739506,17.301523982525133,0.4632779457334846,True
karnataka__shimoga,Karnataka,Shimoga,2063.121837260814,25.632573455075306,15.16074252076681,0.302188668318323,False
uttar_pradesh__bareilly,Uttar Pradesh,Bareilly,891.6406277092871,4.563980015555519,-3.628915300031724,0.1506071805793118,False
punjab__gurdaspur,Punjab,Gurdaspur,872.0702041272697,4.637008210016511,2.102525155928635,0.14446126578089738,False
madhya_pradesh__sehore,Madhya Pradesh,Sehore,1141.1415769496973,20.479431897434253,18.956381218233695,0.46381437017115934,True
tamil_nadu__ariyalur,Tamil Nadu,Ariyalur,1159.6737159563024,16.806211089506437,10.890186337528265,0.24492663664175868,False
karnataka__raichur,Karnataka,Raichur,618.0712880822572,6.246207117212478,6.399529497138531,0.26595210461515234,False
chhattisgarh__bastar,Chhattisgarh,Bastar,1474.693456990113,4.45239022011756,1.535477018599705,0.1273888810952768,False
chhattisgarh__raipur,Chhattisgarh,Raipur,1171.9215591825935,2.0255689090592894,-0.7243349512280175,0.06678726296145472,False
himachal_pradesh__shimla,Himachal Pradesh,Shimla,918.232620609717,11.970586831811522,5.533508554929705,0.5534945740877047,True
madhya_pradesh__katni,Madhya Pradesh,Katni,1020.4551264833766,-6.615723314351212,-7.463235143163771,-0.16845045620423654,False
nagaland__peren,Nagaland,Peren,1394.3764866822555,10.920006010092694,9.231910417740359,0.22301125294107493,False
uttar_pradesh__ghaziabad,Uttar Pradesh,Ghaziabad,682.3741104912091,-16.258099722482022,-17.777972935225563,-0.42403107549501107,True
west_bengal__darjiling,West Bengal,Darjiling,3544.5609608807167,3.265654855587512,15.477587438560175,0.07791847554563286,False
odisha__cuttack,Odisha,Cuttack,1641.710973464673,-7.07634023897406,-12.70690383902848,-0.1836693368178719,False
uttar_pradesh__mirzapur,Uttar Pradesh,Mirzapur,879.1948447790637,-2.643493334332471,-4.484043861110728,-0.08133771410191586,False
gujarat__panch_mahals,Gujarat,Panch Mahals,884.1154655013815,0.9113938632282759,-0.30676573105028804,0.024988834939502033,False
rajasthan__sirohi,Rajasthan,Sirohi,774.0127801289588,14.683065207367434,13.569259838663173,0.3493083252583659,False
tamil_nadu__coimbatore,Tamil Nadu,Coimbatore,1193.768514196671,32.86177820374465,22.436912297772,0.5429133750569197,True
tamil_nadu__erode,Tamil Nadu,Erode,767.3957266985248,12.796324685629724,6.0500445617328635,0.3646155302676667,False
assam__dima_hasao,Assam,Dima Hasao,1341.0235226636064,4.839762962847295,3.445044115666935,0.15590483282777656,False
uttar_pradesh__kanpur_nagar,Uttar Pradesh,Kanpur Nagar,679.9719273248338,4.921749559358372,0.5507479170698691,0.18471922918469086,False
bihar__vaishali,Bihar,Vaishali,1100.067650858924,1.3919826357318927,-0.7241049762138481,0.030479777434117342,False
gujarat__narmada,Gujarat,Narmada,1245.8633211272536,28.129960563945264,24.50548453735474,0.4626889412674005,True
himachal_pradesh__hamirpur,Himachal Pradesh,Hamirpur,1395.0575819051785,16.57238618383852,13.321320849240806,0.5643515377742125,True
jammu_and_kashmir__reasi,Jammu & Kashmir,Reasi,1373.6935585936396,35.22155588258446,23.10080509751486,0.6824720069930456,True
jharkhand__godda,Jharkhand,Godda,1254.6539127607055,-14.043091228466016,-12.571219769961777,-0.42871916762162404,True
karnataka__chikkaballapura,Karnataka,Chikkaballapura,706.6045078773983,16.040865171069363,7.684682799685487,0.5013821321085166,True
madhya_pradesh__seoni,Madhya Pradesh,Seoni,1167.5588709362873,11.630653539025126,8.63621354856482,0.29872893756991037,False
punjab__muktsar,Punjab,Muktsar,366.8582001286041,4.817935781093445,4.4581392780418945,0.3658393009626351,False
karnataka__koppal,Karnataka,Koppal,621.6060082034419,9.348039819669038,6.834366670785659,0.36489448215496006,False
maharashtra__mumbai_suburban,Maharashtra,Mumbai Suburban,3064.3673069633173,47.395292068740666,43.289753303987574,0.5148672036952272,True
madhya_pradesh__damoh,Madhya Pradesh,Damoh,1069.7039385397454,6.411680271743369,5.55721572636355,0.15811426501968637,False
tamil_nadu__nagappattinam,Tamil Nadu,Nagappattinam,1385.8579386071326,17.0561892273793,4.8092644694479505,0.28096899844118,False
gujarat__amreli,Gujarat,Amreli,831.6186698156613,7.757263690636624,4.977091449917999,0.12498749576776738,False
tamil_nadu__ramanathapuram,Tamil Nadu,Ramanathapuram,922.5095159603866,1.391270643323928,3.070729130570896,0.025433323657069903,False
himachal_pradesh__chamba,Himachal Pradesh,Chamba,1339.315830920359,10.593972574503463,5.66639875204237,0.28245272891576867,False
jammu_and_kashmir__ganderbal,Jammu & Kashmir,Ganderbal,1053.0622263057157,1.994791729544024,-1.4579692865357199,0.07018689887599835,False
punjab__bathinda,Punjab,Bathinda,366.0931486902239,4.509394988973372,3.161980543260605,0.3823657685641137,False
madhya_pradesh__ashoknagar,Madhya Pradesh,Ashoknagar,981.1495593964195,15.239791303098086,11.983152228565968,0.41779947990119776,True
himachal_pradesh__lahul_and_spiti,Himachal Pradesh,Lahul & Spiti,909.6886141672849,-6.898132115129209,0.4323543211848903,-0.21085571498540695,False
mizoram__lunglei,Mizoram,Lunglei,2148.156027327646,-0.6760314661455176,11.39039124584287,-0.006630822617929966,False
assam__cachar,Assam,Cachar,2534.2679977210937,-25.662511818920823,-13.671109621030753,-0.39936141725665786,False
tamil_nadu__perambalur,Tamil Nadu,Perambalur,964.4758356576785,12.048309042511763,11.352356639412188,0.19984058158198106,False
uttar_pradesh__mainpuri,Uttar Pradesh,Mainpuri,577.8013329996029,-7.3155523963154545,-8.661076271871632,-0.22415375973163743,False
uttarakhand__garhwal,Uttarakhand,Garhwal,1064.6652531308775,6.030446909433511,1.7536136548414447,0.1742413532309801,False
bihar__sheohar,Bihar,Sheohar,1084.3263966633629,-8.246683359638496,-7.521050495372481,-0.15933580993679905,False
madhya_pradesh__sheopur,Madhya Pradesh,Sheopur,831.5490797794724,5.790461052656427,6.649632523093579,0.19286189375367774,False
haryana__sonipat,Haryana,Sonipat,546.9866017514013,3.4610736274795806,1.8936921426568767,0.17797652320487162,False
karnataka__dakshina_kannada,Karnataka,Dakshina Kannada,3535.718055011255,7.668310659526752,-0.5777882561028632,0.08934013112958779,False
karnataka__bijapur,Karnataka,Bijapur,584.2859057866847,6.546649043213916,5.526168363015606,0.3141938708629063,False
kerala__idukki,Kerala,Idukki,2065.9870210233603,15.002803207464662,4.235841357845362,0.22093072931123314,False
odisha__dhenkanal,Odisha,Dhenkanal,1558.6404349641252,2.908677759250825,-4.984879161385078,0.08499605442786058,False
odisha__debagarh,Odisha,Debagarh,1580.0361637820995,-3.828872219377694,-9.06601166825963,-0.07103224607753375,False
madhya_pradesh__mandla,Madhya Pradesh,Mandla,1243.9938255985735,11.333943531544364,7.042823951434918,0.304120469012577,False
meghalaya__west_garo_hills,Meghalaya,West Garo Hills,3150.116475295234,77.35419292417355,56.386412394706795,0.5508660229908567,True
kerala__kasaragod,Kerala,Kasaragod,3984.6203462690523,6.643266597709472,8.029778427130505,0.07488205782611307,False
sikkim__west,Sikkim,West,2638.3488302001692,74.44629097463122,43.459767823756735,0.8570544319452424,True
haryana__ambala,Haryana,Ambala,972.8068297223331,-13.016350700763414,-13.060699697435668,-0.5290219990494024,True
bihar__katihar,Bihar,Katihar,1436.9011252731398,-10.189909588772741,-8.900572516873352,-0.2575246748990943,False
meghalaya__ri_bhoi,Meghalaya,Ri Bhoi,1506.340244927107,-15.097861730196954,-12.495820814513326,-0.2948907916221919,False
uttar_pradesh__bahraich,Uttar Pradesh,Bahraich,1136.1942969381341,5.350777408772418,-0.5146565176239404,0.19334308295042352,False
jharkhand__simdega,Jharkhand,Simdega,1291.5829350104952,9.220024027801077,2.193149208077784,0.34364758404065004,False
manipur__bishnupur,Manipur,Bishnupur,1504.6653965388348,-24.244213238361603,-14.860509478055201,-0.34400218307996694,False
bihar__sitamarhi,Bihar,Sitamarhi,1108.2657063441713,6.4062844655958076,5.674217741793444,0.11644705177597248,False
maharashtra__bid,Maharashtra,Bid,725.062033601033,2.4379316378448124,0.9093306002556624,0.09045307555843049,False
chhattisgarh__dhamtari,Chhattisgarh,Dhamtari,1176.1295139218303,-1.9739667578846234,-5.1356772151541685,-0.06642410035189701,False
jharkhand__hazaribagh,Jharkhand,Hazaribagh,1130.272664441432,-14.46554324343303,-16.177392091070146,-0.4005108082476744,False
uttarakhand__hardwar,Uttarakhand,Hardwar,1249.3817001361815,7.984914171430066,3.3255062345868454,0.2330719454752245,False
karnataka__mysore,Karnataka,Mysore,872.9481077904371,16.732683264569744,9.629831814015187,0.5026817526020919,True
maharashtra__washim,Maharashtra,Washim,884.0284585756584,3.057528205442319,0.1923898794137832,0.10029493860924128,False
tripura__west_tripura,Tripura,West Tripura,2255.6594239644287,-11.788916672724952,-5.549156113805736,-0.23583430887718074,False
chhattisgarh__surguja,Chhattisgarh,Surguja,1142.1768109806874,-1.3697073328370402,-5.932885591940599,-0.046057637288269865,False
haryana__kaithal,Haryana,Kaithal,535.1554386721303,10.06185083492491,6.542148039666943,0.4528702964414144,True
madhya_pradesh__shivpuri,Madhya Pradesh,Shivpuri,857.0040423230457,14.845311098138328,11.033032873947967,0.47462558920373926,True
uttar_pradesh__baghpat,Uttar Pradesh,Baghpat,619.2443408119725,3.750539753209152,0.4267557591161934,0.1608435403626909,False
uttar_pradesh__sant_kabir_nagar,Uttar Pradesh,Sant Kabir Nagar,1120.3670802455033,-17.76372779573141,-19.879050329387237,-0.40191598647927695,False
gujarat__junagadh,Gujarat,Junagadh,1046.1562459952386,23.803730228456846,21.015955808141467,0.45324778354112155,True
uttarakhand__rudraprayag,Uttarakhand,Rudraprayag,1470.0915769533021,51.24617658225157,44.8316874091156,0.7328299346168683,True
madhya_pradesh__neemuch,Madhya Pradesh,Neemuch,900.0762390120071,16.04444471200325,12.418305836133715,0.36883458668176955,False
bihar__pashchim_champaran,Bihar,Pashchim Champaran,1401.805672346619,-0.4933697351997591,-2.734853410192491,-0.008202492453731123,False
jharkhand__saraikela_kharsawan,Jharkhand,Saraikela-kharsawan,1395.9413222717121,18.556368221294296,4.7264719013704575,0.3601215621704155,False
uttar_pradesh__ambedkar_nagar,Uttar Pradesh,Ambedkar Nagar,976.5630229857439,-8.487352338627577,-9.723879755178169,-0.2199241148980348,False
west_bengal__hugli,West Bengal,Hugli,1437.743571499631,-0.7541183895206368,-0.8368123043737906,-0.015902806339059442,False
odisha__sambalpur,Odisha,Sambalpur,1418.1298812898465,-0.12683308412836494,-6.808524499269108,-0.0030507526493123304,False
nct_of_delhi__central,NCT of Delhi,Central,475.02609581445967,-5.326655482170968,-7.618344019978434,-0.18619131220033078,False
kerala__kollam,Kerala,Kollam,2472.5432180193798,19.089734934316233,5.213931228907081,0.27696273545044975,False
uttar_pradesh__etah,Uttar Pradesh,Etah,588.2215029689019,8.176984826024668,4.825784730535221,0.2951098199805723,False
uttar_pradesh__hardoi,Uttar Pradesh,Hardoi,793.5284723631815,-2.645317595201526,-5.292638466557803,-0.1201287415450671,False
mizoram__aizawl,Mizoram,Aizawl,2328.310775604254,-49.03671083335875,-26.41441501027505,-0.5707195751320903,True
bihar__buxar,Bihar,Buxar,925.4109980777527,-4.75502649616308,-6.93789680378937,-0.13462947629238473,False
andhra_pradesh__khammam,Andhra Pradesh,Khammam,1276.3731802148102,15.346083706429969,13.319318673995488,0.3424377833247869,False
maharashtra__wardha,Maharashtra,Wardha,999.4986045864844,6.732471798730922,6.013523864228918,0.23587255480538039,False
uttar_pradesh__mathura,Uttar Pradesh,Mathura,552.9660857156192,4.94761011392651,1.443332183946188,0.22412998080616964,False
rajasthan__bundi,Rajasthan,Bundi,737.3750747301674,13.954111498260016,11.135225556967624,0.45322175872515424,True
tamil_nadu__thoothukkudi,Tamil Nadu,Thoothukkudi,790.5019872553594,5.281983191489368,-0.4819456185871372,0.09185803668139411,False
rajasthan__pratapgarh,Rajasthan,Pratapgarh,987.8508556261659,38.45359309748069,34.590631854821424,0.6703321528944467,True
bihar__jehanabad,Bihar,Jehanabad,928.5262357095877,4.795531267601623,-2.625173157407994,0.14523267952368646,False
kerala__thrissur,Kerala,Thrissur,2806.2363477471904,8.102948294374244,6.1726195213906765,0.09340492514548523,False
madhya_pradesh__barwani,Madhya Pradesh,Barwani,823.2204828977896,14.197380865800937,10.625056221670274,0.44575368515168867,True
haryana__bhiwani,Haryana,Bhiwani,419.7206649339891,-1.3677723664891936,-1.6567271326338489,-0.06873128756735536,False
manipur__imphal_west,Manipur,Imphal West,1693.9157585424448,-29.26479369206338,-15.7237021219478,-0.3848609970318219,False
uttarakhand__bageshwar,Uttarakhand,Bageshwar,1988.724353544131,-41.968506670431665,-28.315601559846737,-0.4332977270529045,True
haryana__hisar,Haryana,Hisar,390.9861860048647,-0.49979699261808125,-0.07556343522527936,-0.024320338953147662,False
madhya_pradesh__bhind,Madhya Pradesh,Bhind,625.2157603069854,9.42005300855052,6.893531960880117,0.3342150742951968,False
bihar__gaya,Bihar,Gaya,962.4432948219008,1.8976638082023114,-1.4476489411969506,0.06558608319280074,False
gujarat__anand,Gujarat,Anand,853.632569685982,-0.8891092318843228,-2.479203811668767,-0.022837541903039445,False
madhya_pradesh__ratlam,Madhya Pradesh,Ratlam,996.0548132941913,26.33571211639035,23.09016072164507,0.5643009810410122,True
uttar_pradesh__auraiya,Uttar Pradesh,Auraiya,429.4027384663932,-7.266141762540691,-8.135848965907185,-0.2803870362188169,False
jharkhand__lohardaga,Jharkhand,Lohardaga,1263.1255180325243,-1.1357867178030452,-3.550738752061428,-0.030529681797962366,False
madhya_pradesh__betul,Madhya Pradesh,Betul,1134.1229157896798,20.902883384973272,17.431233816922543,0.4943211952996786,True
chhattisgarh__narayanpur,Chhattisgarh,Narayanpur,1446.563325221268,8.34686021864829,3.6538485408346713,0.2054509756863468,False
uttar_pradesh__ballia,Uttar Pradesh,Ballia,866.0671654450343,-3.0727648607954943,-4.0904691194454985,-0.08416160042851245,False
uttar_pradesh__allahabad,Uttar Pradesh,Allahabad,804.1378784877567,-0.19382047618339318,-1.9928628603154261,-0.0054197015492553095,False
gujarat__kheda,Gujarat,Kheda,846.1574476259219,-3.388443266234944,-5.489195210553652,-0.09347914646273339,False
andhra_pradesh__krishna,Andhra Pradesh,Krishna,1126.0626071701133,9.867576294111256,9.624754916539985,0.24205103691628693,False
andhra_pradesh__nizamabad,Andhra Pradesh,Nizamabad,1017.5927613425165,21.875959238706915,20.208608927721656,0.5604151997397471,True
gujarat__kachchh,Gujarat,Kachchh,512.5758190042202,11.168889605543354,9.744358000908383,0.35029821536807326,False
uttar_pradesh__deoria,Uttar Pradesh,Deoria,976.9012832522081,-5.903965115629768,-6.569003558832671,-0.1391081935247535,False
maharashtra__aurangabad,Maharashtra,Aurangabad,695.7213654867502,9.700251950571765,6.093337349836194,0.36801762610247046,False
madhya_pradesh__ujjain,Madhya Pradesh,Ujjain,987.7691917324249,25.062526456720033,22.564080584243115,0.517379937915931,True
tamil_nadu__tirunelveli,Tamil Nadu,Tirunelveli,875.8753820288694,12.815373547720686,-0.5075264238218853,0.23023587844684362,False
haryana__rewari,Haryana,Rewari,565.3053754167826,8.277284942931503,5.555196298906525,0.3397203002718732,False
jharkhand__dhanbad,Jharkhand,Dhanbad,1307.0241565562949,-10.38126844389461,-14.022414539624279,-0.2927847692421559,False
uttar_pradesh__firozabad,Uttar Pradesh,Firozabad,636.0542029255206,2.6669140523021286,0.19455308201811522,0.11245795470872649,False
west_bengal__haora,West Bengal,Haora,1592.5299760210619,3.7662764548357033,4.293047568729381,0.0734720848993163,False
uttar_pradesh__chandauli,Uttar Pradesh,Chandauli,886.2896565182115,-3.6053799440705565,-5.679660150321484,-0.16164896283979566,False
bihar__saran_chhapra,Bihar,Saran (chhapra),1006.803118826224,-1.3639974134951,-3.204112686823896,-0.03250728604231155,False
uttarakhand__udham_singh_nagar,Uttarakhand,Udham Singh Nagar,1501.0073642859672,7.140485054670327,-1.0707037042204286,0.1736840883153164,False
punjab__mansa,Punjab,Mansa,323.55107055909076,3.1211877207804237,2.4401344667992535,0.19937221398122204,False
andhra_pradesh__rangareddy,Andhra Pradesh,Rangareddy,839.94407544673,7.1081146006823355,6.277161586076186,0.2755802582833459,False
madhya_pradesh__harda,Madhya Pradesh,Harda,1150.4391840040685,20.753515013448723,19.285651284359915,0.4609073757162453,True
nagaland__phek,Nagaland,Phek,1555.631368741652,-6.378015705360613,-4.291848496814797,-0.15870197704049413,False
himachal_pradesh__kinnaur,Himachal Pradesh,Kinnaur,750.6287435762982,-12.833490448629579,-0.8904682648326575,-0.21465050146011963,False
rajasthan__bharatpur,Rajasthan,Bharatpur,558.87084015634,6.926941341655287,3.9979096162150385,0.3449547755392101,False
jammu_and_kashmir__anantnag,Jammu & Kashmir,Anantnag,1133.0271884525525,3.979072104415455,0.03059645937995888,0.1163105393001699,False
punjab__shahid_bhagat_singh_nagar,Punjab,Shahid Bhagat Singh Nagar,887.7925890732246,6.031756238884833,2.394390100583913,0.19558417332133737,False
kerala__kottayam,Kerala,Kottayam,3461.799911736924,25.992944790087208,12.625346835407424,0.2414635115975041,False
gujarat__rajkot,Gujarat,Rajkot,801.0962292523022,9.235977902216739,7.362058153523184,0.17746901313147548,False
jammu_and_kashmir__kupwara,Jammu & Kashmir,Kupwara,960.1781326544054,-0.350944255718141,-1.9881735593649077,-0.010500508851535972,False
bihar__purba_champaran,Bihar,Purba Champaran,1228.6138751701023,-17.857641923576196,-15.667966217031688,-0.40220230760396153,False
assam__nalbari,Assam,Nalbari,1773.9208438467856,-5.549709609646504,1.0494926948731254,-0.11446215081396723,False
rajasthan__baran,Rajasthan,Baran,929.8582133516649,20.842432924099736,18.241456049646292,0.4561883871032324,True
uttar_pradesh__agra,Uttar Pradesh,Agra,569.2793947133467,9.708583193396379,5.953269159731026,0.42520283501794265,True
chandigarh__chandigarh,Chandigarh,Chandigarh,1073.4241151125946,-3.9903474870641698,-4.827034349057892,-0.10494286808548951,False
tripura__south_tripura,Tripura,South Tripura,2226.2640178313886,-12.803759730245302,-3.3364243998642773,-0.2613401606930504,False
madhya_pradesh__tikamgarh,Madhya Pradesh,Tikamgarh,844.7321669565717,6.174747659478449,2.9600626058719426,0.17663180644016221,False
maharashtra__amravati,Maharashtra,Amravati,896.9085417799142,2.03983446199291,1.0369905465363987,0.08677072960066491,False
uttarakhand__uttarkashi,Uttarakhand,Uttarkashi,1265.9926892350177,21.595631042185847,16.293782843149813,0.48197439415200904,True
bihar__araria,Bihar,Araria,1597.416931373009,3.3715484045918234,3.4473152238173657,0.0821900284397838,False
assam__tinsukia,Assam,Tinsukia,2224.0535444584643,-1.7594117376794023,-3.8417444434249672,-0.03145829972013431,False
mizoram__kolasib,Mizoram,Kolasib,2436.559837593542,-34.23995417975321,-17.827185999790423,-0.40120120774710916,False
uttar_pradesh__mahamaya_nagar,Uttar Pradesh,Mahamaya Nagar,595.8188138197487,19.68572294516725,14.986045341692488,0.5451285028206854,True
mizoram__champhai,Mizoram,Champhai,2145.2771197382535,-52.3787374752482,-28.986337919605802,-0.5844101179269299,True
jharkhand__latehar,Jharkhand,Latehar,1095.9822172241277,5.180175286101959,0.8658852257681838,0.19207707648500905,False
arunanchal_pradesh__dibang_valley,Arunanchal Pradesh,Dibang Valley,2185.8404624201025,65.81612016050164,34.53280876733068,0.3554272972137243,False
uttar_pradesh__mahoba,Uttar Pradesh,Mahoba,760.2308347118993,-12.83981908650321,-13.552156374588597,-0.38289247746391036,False
gujarat__valsad,Gujarat,Valsad,2324.2645594816036,30.394269041807917,26.81389848871082,0.35089452095292517,False
uttar_pradesh__bulandshahr,Uttar Pradesh,Bulandshahr,590.4333341783407,-7.598618286625621,-11.366254815735836,-0.35023348005149724,False
punjab__ludhiana,Punjab,Ludhiana,705.1939856395261,5.013690704937222,1.97978215590782,0.1761651184975381,False
himachal_pradesh__una,Himachal Pradesh,Una,1158.2044570346577,0.09515150769675901,-1.0306096599053927,0.0026671795842113408,False
maharashtra__satara,Maharashtra,Satara,885.6588487463887,-1.1686735991701647,-5.845423868189029,-0.020032797698731092,False
west_bengal__barddhaman,West Bengal,Barddhaman,1270.0677722396938,-12.042784211943903,-10.769792995868048,-0.3097099965872072,False
uttar_pradesh__unnao,Uttar Pradesh,Unnao,667.8576506702942,-9.120887368984585,-11.559119150708888,-0.3222137529741087,False
uttar_pradesh__pratapgarh,Uttar Pradesh,Pratapgarh,775.6124604632174,9.63178807372173,5.263635629534423,0.32454728346141687,False
haryana__karnal,Haryana,Karnal,598.1925350412106,12.203682299761034,9.648883696182097,0.5209869621538921,True
kerala__pathanamthitta,Kerala,Pathanamthitta,1920.5200017211807,13.46054259976911,-4.5315871502646585,0.21786312400637467,False
jharkhand__ranchi,Jharkhand,Ranchi,1108.9773977794296,-2.793895388198114,-6.532344482386496,-0.09892233263174607,False
bihar__darbhanga,Bihar,Darbhanga,1116.3787590641925,15.10201405462702,10.576483407951244,0.3488387154017875,False
jammu_and_kashmir__doda,Jammu & Kashmir,Doda,1238.846095471575,10.009753477247603,4.153294878360129,0.3058903715769219,False
rajasthan__jaisalmer,Rajasthan,Jaisalmer,227.27905239997787,5.7864422170564955,3.9870969373959975,0.4245970678245748,True
madhya_pradesh__dewas,Madhya Pradesh,Dewas,1056.8937335576534,23.294219725221563,20.88419116242984,0.522583127830124,True
chhattisgarh__koriya,Chhattisgarh,Koriya,1178.4625163973203,-4.506829686975875,-7.2227049131624685,-0.11779011818792955,False
punjab__fatehgarh_sahib,Punjab,Fatehgarh Sahib,853.5290419158215,-5.4898546908959505,-6.419415846765159,-0.14626787940984656,False
jammu_and_kashmir__jammu,Jammu & Kashmir,Jammu,1465.9428774665705,22.936532579227123,14.021448302630656,0.5450411784886118,True
madhya_pradesh__satna,Madhya Pradesh,Satna,987.2225263784094,-1.362285839818505,-3.174744204315601,-0.03767118547623381,False
tripura__dhalai,Tripura,Dhalai,2287.6115227993964,-28.51416176047397,-11.995448925020693,-0.4533207186703701,True
tamil_nadu__thanjavur,Tamil Nadu,Thanjavur,1213.9971673204175,8.703913994559205,7.4053171576468495,0.148613033232746,False
madhya_pradesh__panna,Madhya Pradesh,Panna,1009.8902769899254,-8.562679929587807,-9.837683520299446,-0.18554811448588066,False
uttar_pradesh__azamgarh,Uttar Pradesh,Azamgarh,806.9440862898092,-4.757015728742879,-6.138486637916582,-0.16651538314441713,False
karnataka__belgaum,Karnataka,Belgaum,756.5659947462341,13.265265960717834,8.082970297405373,0.4836409563042977,True
gujarat__sabar_kantha,Gujarat,Sabar Kantha,858.167345167336,7.8066397976305035,5.023229285393129,0.20941344759919156,False
karnataka__chamrajnagar,Karnataka,Chamrajnagar,840.2383294488536,9.122286616681404,7.435421304433146,0.27826919507977166,False
karnataka__davanagere,Karnataka,Davanagere,776.5711464117061,5.1673848161918245,-2.8771724465758237,0.16170623221009808,False
odisha__bhadrak,Odisha,Bhadrak,1554.240469646873,-3.57165053893609,-11.17865917605774,-0.08761390230414313,False
arunanchal_pradesh__upper_subansiri,Arunanchal Pradesh,Upper Subansiri,2728.8795047354142,-18.74556399904262,-26.314964753736366,-0.2660215095089832,False
bihar__kishanganj,Bihar,Kishanganj,2240.659396264547,-0.9849787712209722,-1.9441492802787335,-0.01605780033030196,False
west_bengal__nadia,West Bengal,Nadia,1248.4170998147408,-15.273035711321608,-13.643822749888086,-0.33421890323495196,False
karnataka__chitradurga,Karnataka,Chitradurga,626.4177287071308,7.950292886885368,3.8828932303907715,0.29045598973637077,False
west_bengal__uttar_dinajpur,West Bengal,Uttar Dinajpur,1885.9216596408514,-13.24154842141466,-9.638261118910231,-0.3654228540305695,False
rajasthan__sikar,Rajasthan,Sikar,518.6124782485527,13.052510405213166,10.308491496614053,0.5893082493390066,True
maharashtra__bhandara,Maharashtra,Bhandara,1221.2153069293552,5.545149116235289,4.833594753522225,0.15192480071262626,False
punjab__tarn_taran,Punjab,Tarn Taran,710.7076588132264,8.791172340214771,4.865981047180275,0.24700989606252172,False
arunanchal_pradesh__tirap,Arunanchal Pradesh,Tirap,2124.434040833135,-3.555661163750113,-5.037005035833609,-0.07013249881919156,False
tamil_nadu__dindigul,Tamil Nadu,Dindigul,916.1503538117007,10.913356575160623,6.643712748683663,0.17751220327281073,False
madhya_pradesh__jhabua,Madhya Pradesh,Jhabua,952.8625529341462,12.219334447118083,10.903634003577771,0.3000114322438222,False
assam__dibrugarh,Assam,Dibrugarh,2178.3211160316746,-3.26116373207866,-6.443452574691984,-0.0730259457799543,False
jharkhand__garhwa,Jharkhand,Garhwa,939.2077007318758,3.568542892578245,-2.3048546863656867,0.13566995993201952,False
uttar_pradesh__mau,Uttar Pradesh,Mau,924.3821538282403,-3.4338657149438077,-5.60762030773275,-0.09044206684832305,False
maharashtra__ratnagiri,Maharashtra,Ratnagiri,3322.2275472458055,51.013418648474044,45.9198660761248,0.43098410706125084,True
bihar__purnia,Bihar,Purnia,1569.2840207523095,-4.909652014083038,-4.463952924125034,-0.13005527139908699,False
gujarat__navsari,Gujarat,Navsari,1809.298987949306,7.927947579118261,4.4920788051816904,0.12094660785192077,False
assam__jorhat,Assam,Jorhat,1943.1374576684063,-10.079700257868137,-10.36202513452141,-0.27882505178871037,False
jammu_and_kashmir__bandipore,Jammu & Kashmir,Bandipore,905.8458951098273,1.7090316863819863,-1.1053081773278348,0.07019134972499119,False
gujarat__patan,Gujarat,Patan,650.2354366860153,7.5829178514936775,5.869785389887035,0.2391835344415809,False
gujarat__tapi,Gujarat,Tapi,1197.238545654807,-1.1578599380666779,-3.2596242561316005,-0.02407637131558767,False
karnataka__tumkur,Karnataka,Tumkur,746.8378997498389,15.867755922032448,8.235583539482866,0.4738442326012885,True
gujarat__dohad,Gujarat,Dohad,810.2448841615579,-1.1112921178618442,-1.5345121452619166,-0.0303030661721596,False
bihar__kaimur_bhabua,Bihar,Kaimur (bhabua),906.5081053845997,-6.213803362288081,-7.527076897411923,-0.2493762193014614,False
gujarat__porbandar,Gujarat,Porbandar,887.4955813575535,16.348762391817214,15.610805962635682,0.30181822895060056,False
west_bengal__puruliya,West Bengal,Puruliya,1368.9467755008545,-0.6833640920305094,-6.495369424593834,-0.01931174471479825,False
rajasthan__bikaner,Rajasthan,Bikaner,294.8029951933739,7.001625746874149,5.594768366504284,0.5118002651462977,True
gujarat__surat,Gujarat,Surat,1363.2663524822954,3.589081982202295,0.3954269891076562,0.07107701486174302,False
gujarat__mahesana,Gujarat,Mahesana,772.6547624423657,-1.7466629907126034,-2.608176881735527,-0.05105410503297012,False
karnataka__gadag,Karnataka,Gadag,648.0487539106374,10.315166683475539,6.148475385157754,0.38867872020832456,False
jharkhand__sahibganj,Jharkhand,Sahibganj,1544.2696121712943,-18.554052068411657,-15.095254707801482,-0.41993212702310356,True
rajasthan__churu,Rajasthan,Churu,414.98534922515205,8.86218729502731,7.62678679238082,0.5141231307331721,True
odisha__puri,Odisha,Puri,1482.1425677251364,-1.7811067812982715,-7.610588493528136,-0.0382692092989515,False
jharkhand__dumka,Jharkhand,Dumka,1489.2852027742836,-37.9337713063145,-33.51816140320669,-0.6149074165792122,True
arunanchal_pradesh__east_kameng,Arunanchal Pradesh,East Kameng,2550.464730853431,2.797001947568047,-1.8812048210122352,0.04376874988786575,False
odisha__jajapur,Odisha,Jajapur,1594.9509097170937,-4.694930286224917,-9.903631168962379,-0.1285761287671287,False
maharashtra__nashik,Maharashtra,Nashik,956.886929670352,5.7855604405239,2.444701343495822,0.16158473881669447,False
karnataka__udupi,Karnataka,Udupi,4390.6220288329205,31.68575534520995,28.270112937912312,0.2840531523009209,False
arunanchal_pradesh__anjaw,Arunanchal Pradesh,Anjaw,1588.8091475875501,26.967797069534438,13.858611452767404,0.21624418603483309,False
manipur__senapati,Manipur,Senapati,1426.69583277349,-3.605257036846143,-1.3237217386383486,-0.08861731656242462,False
chhattisgarh__durg,Chhattisgarh,Durg,1225.5536404942525,7.2309336146575145,3.0760050324060293,0.23721711130800904,False
maharashtra__nandurbar,Maharashtra,Nandurbar,810.7837974591667,3.603692994061079,0.9626894860865096,0.10324679686529323,False
odisha__bargarh,Odisha,Bargarh,1477.9228070733225,-8.916468872469201,-11.619415807992885,-0.18873323867724504,False
jharkhand__purbi_singhbhum,Jharkhand,Purbi Singhbhum,1500.5839806673118,5.220665494085633,-1.9128374195030973,0.12220922802555517,False
karnataka__bagalkot,Karnataka,Bagalkot,572.7222061225037,5.785362253258792,3.8980864563021673,0.26180742138414853,False
maharashtra__raigarh,Maharashtra,Raigarh,3524.0922115542235,39.80884515752338,35.359032929452994,0.35265018299988876,False
rajasthan__udaipur,Rajasthan,Udaipur,738.3273838932168,14.570673844205379,10.600579826112137,0.5246336923346606,True
tamil_nadu__sivaganga,Tamil Nadu,Sivaganga,973.8525616263763,12.791555983333302,10.319683460487253,0.21068984163850638,False
madhya_pradesh__rajgarh,Madhya Pradesh,Rajgarh,1069.2736883474474,28.699691696452163,26.628605255105917,0.5464606138308986,True
uttar_pradesh__meerut,Uttar Pradesh,Meerut,740.9251436071548,2.9301674378123934,-2.7353157559713264,0.09487057632752391,False
west_bengal__south_24_parganas,West Bengal,South 24 Parganas,1640.2194138687712,1.4825272591433887,4.7579646666708735,0.02822051625628828,False
west_bengal__birbhum,West Bengal,Birbhum,1290.8203667076652,-19.80920462288499,-17.960184308258324,-0.44130544330526866,True
west_bengal__maldah,West Bengal,Maldah,1332.1457120976954,-24.297613686710978,-19.669084824824587,-0.6619695010312217,True
haryana__faridabad,Haryana,Faridabad,442.7027197169761,-6.153001504073964,-9.814007038645768,-0.3234769427705974,False
bihar__samastipur,Bihar,Samastipur,1148.298944758718,10.733918270640565,7.250182208686454,0.26138473980937527,False
uttar_pradesh__kansiram_nagar,Uttar Pradesh,Kansiram Nagar,668.8445141875806,1.119193752851335,-0.9538665679015628,0.042083561415828905,False
karnataka__gulbarga,Karnataka,Gulbarga,764.0675759097954,12.296204567906678,9.307041589649309,0.5034417243299346,True
odisha__nabarangapur,Odisha,Nabarangapur,1516.6731372731786,-7.782774218946544,-12.211964932592558,-0.21071566456013896,False
bihar__aurangabad,Bihar,Aurangabad,925.332778464382,-4.417703737331284,-6.044274672221018,-0.13812796645642436,False
tamil_nadu__tiruvannamalai,Tamil Nadu,Tiruvannamalai,1043.5829308509626,20.232847907511815,11.435244443933469,0.4340834033055795,True
andhra_pradesh__hyderabad,Andhra Pradesh,Hyderabad,880.136793877619,5.6019093445623795,5.014794061201749,0.19188085848150557,False
nagaland__kohima,Nagaland,Kohima,1534.3453842956935,-9.770755374171076,-6.5104748615668635,-0.2538500110532853,False
goa__south_goa,Goa,South Goa,3836.0663915998884,-15.085620177751395,-22.285132798970736,-0.13025579796446293,False
manipur__chandel,Manipur,Chandel,1203.0754123141658,-13.32695344415647,-8.713963490571802,-0.22435208609947993,False
rajasthan__jodhpur,Rajasthan,Jodhpur,338.1889682892329,10.18042696366834,8.17106610097682,0.6477814964842767,True
rajasthan__dungarpur,Rajasthan,Dungarpur,784.6736765429997,8.81604023505345,6.410262855268551,0.24544319523485902,False
andhra_pradesh__karimnagar,Andhra Pradesh,Karimnagar,1095.7798304374046,16.74626703245422,15.842210657164431,0.42381522573297054,True
punjab__rupnagar,Punjab,Rupnagar,1039.0178519553738,5.299177511177791,2.2923524851559502,0.17362913565457153,False
uttarakhand__champawat,Uttarakhand,Champawat,1526.843946676546,-38.15153067694879,-43.910668682493124,-0.6376910923604938,True
chhattisgarh__bilaspur,Chhattisgarh,Bilaspur,1241.996067658536,10.861445699064022,8.532672293495,0.3498988858790117,False
karnataka__uttara_kannada,Karnataka,Uttara Kannada,2217.5336241432287,-1.0380826112224635,-7.86007842814531,-0.015807166764362838,False
madhya_pradesh__east_nimar,Madhya Pradesh,East Nimar,941.7639933916448,19.472269498372512,17.68262939792184,0.5348404888233025,True
haryana__yamunanagar,Haryana,Yamunanagar,1069.8375557108732,3.518115256551401,1.290419776361773,0.12443234364155284,False
rajasthan__nagaur,Rajasthan,Nagaur,435.8154477939408,11.970023351680018,9.365255416977266,0.6503057642804403,True
chhattisgarh__raigarh,Chhattisgarh,Raigarh,1326.6184890783932,-4.912169277477942,-6.567404113522178,-0.16493839722336406,False
jammu_and_kashmir__leh_ladakh,Jammu & Kashmir,Leh (ladakh),319.1006225085351,-11.307862529003232,-2.327579350896055,-0.24407737931096546,False
arunanchal_pradesh__lower_subansiri,Arunanchal Pradesh,Lower Subansiri,2857.114958271423,-6.811200622645451,-7.182357024407549,-0.10702751550120715,False
rajasthan__banswara,Rajasthan,Banswara,979.8324925969099,16.101554228735505,13.833418232814886,0.35170760822744235,False
gujarat__bharuch,Gujarat,Bharuch,970.960958798369,1.0210342011608342,-1.5887105372533004,0.023812171956637655,False
jharkhand__jamtara,Jharkhand,Jamtara,1392.9643159816817,-18.596483963984944,-18.740880293746358,-0.4292789028490098,True
maharashtra__jalna,Maharashtra,Jalna,725.7878929692292,3.2626412281070656,2.3765893882168476,0.12654975542364963,False
uttarakhand__nainital,Uttarakhand,Nainital,1443.9396747444487,27.91880102822615,15.674369216633371,0.49667693732724305,True
madhya_pradesh__burhanpur,Madhya Pradesh,Burhanpur,888.4573532172154,14.26004067030894,11.515906135089462,0.6315773324404311,True
chhattisgarh__mahasamund,Chhattisgarh,Mahasamund,1219.1822156350524,3.229813334659456,1.0008794730634092,0.0932415644174461,False
chhattisgarh__kabeerdham,Chhattisgarh,Kabeerdham,1143.6971541023397,4.565175642859456,1.892458788672946,0.14166018235876943,False
uttar_pradesh__farrukhabad,Uttar Pradesh,Farrukhabad,644.6152909006923,-21.871606068786136,-21.428096256865985,-0.5358987788376034,True
bihar__siwan,Bihar,Siwan,985.6814041992444,-6.239162283487942,-3.9103829560580454,-0.12828571033852074,False
maharashtra__parbhani,Maharashtra,Parbhani,817.0902759886889,0.47043309916664144,-0.1932965583011853,0.015653206008685205,False
maharashtra__mumbai,Maharashtra,Mumbai,2540.229716761814,35.36784288500812,32.85469920975703,0.44690167178690793,True
odisha__bauda,Odisha,Bauda,1398.8444111839974,10.321579952239787,5.816597249015027,0.27345232172272077,False
nct_of_delhi__west,NCT of Delhi,West,660.3256833053505,9.230942702374557,6.270968144416366,0.3335475646238469,False
uttar_pradesh__shrawasti,Uttar Pradesh,Shrawasti,1173.169765446449,1.963031269671025,-2.1804477207390285,0.0545411367508677,False
kerala__alappuzha,Kerala,Alappuzha,2797.5711387503543,28.961390709089166,6.972296230250582,0.42345972213291827,True
odisha__kandhamal,Odisha,Kandhamal,1396.1134563708981,16.199091567531454,11.430285147798973,0.46328304221490285,True
nct_of_delhi__new_delhi,NCT of Delhi,New Delhi,534.4743368669102,0.9363412194342348,-2.6630381998355563,0.03437123500556875,False
andhra_pradesh__warangal,Andhra Pradesh,Warangal,1167.8356289646965,17.93728816112791,15.031406856305079,0.4308631382020949,True
arunanchal_pradesh__east_siang,Arunanchal Pradesh,East Siang,2921.8889462089755,51.15526444026612,32.18127977918035,0.46254568569940957,True
uttar_pradesh__kaushambi,Uttar Pradesh,Kaushambi,935.7779849646613,9.639134826170956,6.209766336100364,0.2143242200902965,False
odisha__kendujhar,Odisha,Kendujhar,1490.4334708773092,1.553533859847699,-4.061809672051812,0.04460377783270198,False
uttar_pradesh__jhansi,Uttar Pradesh,Jhansi,728.9995524609452,-2.2502892110015518,-3.7317963493868387,-0.07527162400985074,False
meghalaya__east_khasi_hills,Meghalaya,East Khasi Hills,4404.976527625961,76.45772563444908,50.18480603088671,0.317788395045815,False
madhya_pradesh__alirajpur,Madhya Pradesh,Alirajpur,871.4082803535275,10.392536849116135,8.061131307082944,0.3041456691926733,False
nct_of_delhi__south_west,NCT of Delhi,South West,683.709021849907,13.828899690158433,9.64605733426353,0.42077707248474916,True
odisha__malkangiri,Odisha,Malkangiri,1579.9103586462832,3.4104826933264687,4.04620257103493,0.08366108859306289,False
assam__udalguri,Assam,Udalguri,2295.283408707463,-89.90680564915657,-58.37424941979632,-0.5570029251177905,True
daman_and_diu__diu,Daman & Diu,Diu,1046.9353359451827,13.955407735901053,10.132569755527646,0.1967068384324811,False
maharashtra__nanded,Maharashtra,Nanded,954.5705685264611,16.713639242407254,14.157712454653845,0.49116535244739024,True
odisha__baleshwar,Odisha,Baleshwar,1647.9873424869265,-3.95189795459445,-8.245847349116241,-0.09904631084513324,False
assam__kamrup_metropolitan,Assam,Kamrup Metropolitan,1847.8481839256517,-18.104062619475485,-10.971296133037633,-0.23225144419395272,False
chhattisgarh__janjgir_champa,Chhattisgarh,Janjgir-champa,1260.7068399659695,1.3611251833962836,0.010961837741340793,0.04582808937249269,False
punjab__barnala,Punjab,Barnala,461.3076108640914,5.890165968592777,3.2940181236462944,0.312380062613449,False
himachal_pradesh__kullu,Himachal Pradesh,Kullu,1012.9459155594059,13.343954519053572,11.177795971395602,0.5565886690770028,True
rajasthan__barmer,Rajasthan,Barmer,344.36265249481215,5.627765717018616,5.1458446765812935,0.26757157207128884,False
assam__baksa,Assam,Baksa,2145.720278375627,-26.424831997386086,-16.19551762598058,-0.42734273862509403,True
sikkim__north,Sikkim,North,2701.170132946401,56.6712743514161,32.438185419311736,0.7392490013032419,True
assam__barpeta,Assam,Barpeta,2167.791626210625,7.634880731068042,12.74332317885453,0.14381156548547178,False
maharashtra__akola,Maharashtra,Akola,828.1672038252841,0.25149247223835103,0.048714551164151854,0.010098034898091073,False
rajasthan__alwar,Rajasthan,Alwar,593.9588893187216,2.9266791634014377,1.2171906568523454,0.12749873981081528,False
tamil_nadu__vellore,Tamil Nadu,Vellore,973.6421802698751,21.442138705949198,13.788845344134259,0.47064077363651263,True
bihar__gopalganj,Bihar,Gopalganj,1086.821137321337,-1.90528249191687,-3.312874038771793,-0.0450930757217871,False
tamil_nadu__dharmapuri,Tamil Nadu,Dharmapuri,848.3751937223687,6.6678010071851075,2.9611880923289657,0.21099930741957645,False
karnataka__kolar,Karnataka,Kolar,890.0774332211781,12.453286225499982,5.497039033554937,0.3109283983669397,False
nagaland__tuensang,Nagaland,Tuensang,1842.016904060677,-19.229871238371306,-15.907076105168168,-0.4356946546555902,True
nagaland__longleng,Nagaland,Longleng,1951.6249915622564,-3.3337029869209576,-5.85026805932107,-0.09150299096206066,False
andhra_pradesh__visakhapatnam,Andhra Pradesh,Visakhapatnam,1242.3568474303647,0.09076173207819094,-1.681760806648125,0.0028816052530322507,False
rajasthan__jalor,Rajasthan,Jalor,500.40480622129934,10.30090123649372,9.573946527644486,0.3284706646062514,False
punjab__firozpur,Punjab,Firozpur,313.6889469651287,0.49810047534456664,-0.44032957444436105,0.03123184368203895,False
gujarat__surendranagar,Gujarat,Surendranagar,685.9555992431019,-5.006558545008284,-6.347207850969011,-0.11302561927204285,False
punjab__sangrur,Punjab,Sangrur,504.6201813598297,5.396481987884113,2.463564756775807,0.24399172541774566,False
andhra_pradesh__anantapur,Andhra Pradesh,Anantapur,637.5705637535967,6.783582893063413,4.717064356450726,0.2651358447659859,False
haryana__sirsa,Haryana,Sirsa,308.7948593874866,5.502247506749888,4.596881405211346,0.3951858784423785,False
uttar_pradesh__kannauj,Uttar Pradesh,Kannauj,620.7970196017994,3.497461009110892,1.4539087705746239,0.13892068378848452,False
madhya_pradesh__guna,Madhya Pradesh,Guna,1004.9805237854403,21.07091047504702,18.19751890509481,0.4796968268264707,True
maharashtra__thane,Maharashtra,Thane,2779.7804090182403,27.656527954928347,23.81470785956171,0.37920834875393844,False
nct_of_delhi__north_east,NCT of Delhi,North East,475.02609581445967,-5.326655482171345,-7.618344019978697,-0.18619131220034424,False
odisha__kalahandi,Odisha,Kalahandi,1530.933654011612,-11.492625525292034,-14.418007026798529,-0.23297070411988777,False
karnataka__hassan,Karnataka,Hassan,1041.7746430036632,18.366037077863652,7.668315644049646,0.47915915377276985,True
assam__dhubri,Assam,Dhubri,2806.982006725661,5.139027232063242,10.922613014548244,0.07577275248256544,False
mizoram__mamit,Mizoram,Mamit,2271.9899330109993,-48.216890210300086,-24.571344943377916,-0.6274636991527125,True
rajasthan__sawai_madhopur,Rajasthan,Sawai Madhopur,686.9451633686614,12.38241151075225,9.392134141951225,0.47108564140977993,True
andhra_pradesh__vizianagaram,Andhra Pradesh,Vizianagaram,1146.8280607025856,7.493204620505548,5.564032772209977,0.27210213002393874,False
jammu_and_kashmir__baramula,Jammu & Kashmir,Baramula,960.6228896425001,7.816479225057138,1.3611313971911947,0.2707018791727181,False
mizoram__serchhip,Mizoram,Serchhip,2268.9007494296725,-44.08829219223591,-17.71308003099299,-0.4663584200660934,True
andhra_pradesh__y_s_r,Andhra Pradesh,Y.s.r.,815.8850744074762,4.814442749763685,2.9004759430614793,0.1293499326562083,False
bihar__rohtas,Bihar,Rohtas,939.9914351066885,-5.350249983574726,-6.778452482171388,-0.1721991601540579,False
assam__marigaon,Assam,Marigaon,1339.4490531707804,-24.235073446699403,-15.725529376858724,-0.533296884959979,True
west_bengal__pashchim_medinipur,West Bengal,Pashchim Medinipur,1579.9592610499587,-4.237935472395582,-6.324684593001195,-0.09869897068935793,False
madhya_pradesh__jabalpur,Madhya Pradesh,Jabalpur,1204.4834861566499,1.2216009907848853,-0.9968858079576522,0.029824244138068667,False
karnataka__kodagu,Karnataka,Kodagu,1583.9260954626468,13.478122052888818,8.933638351944825,0.20405686524096975,False
jammu_and_kashmir__badgam,Jammu & Kashmir,Badgam,833.6247800214138,8.698852010896026,2.3891615726239754,0.293963018091833,False
uttar_pradesh__chitrakoot,Uttar Pradesh,Chitrakoot,874.6420474502569,4.211551933844074,1.249830567406696,0.12258346911955244,False
karnataka__dharwad,Karnataka,Dharwad,718.2265428495981,16.912777642181158,8.586499746076656,0.49321060113993487,True
